a,b,p_raw,rank_biserial,n_effective,median_difference,p_holm,significant
cpsat,dispatching,5.1683948136322595e-12,-1.0,63,-19.321766561514195,6.56386141331297e-10,True
cpsat,greedy,1.1197003099219983e-12,-1.0,67,-35.01218521527213,1.5227924214939177e-10,True
cpsat,tabu,0.0003546445036981538,-0.5689795918367347,49,-0.6764374295377678,0.009575401599850153,True
cpsat,sa,1.7449433360287222e-09,-0.924812030075188,56,-4.902557856272838,1.029516568256946e-07,True
cpsat,brkga,1.6295557943119345e-11,-1.0,60,-10.833333333333332,1.5315420812487663e-09,True
cpsat,ga,3.5060510731588664e-11,-1.0,58,-7.933748169838944,2.7697803477955046e-09,True
cpsat,de,5.1683948136322595e-12,-1.0,63,-15.024875621890548,6.56386141331297e-10,True
cpsat,pso,1.1111647363502784e-11,-1.0,61,-15.978260869565215,1.177834620531295e-09,True
cpsat,abc,7.577765262336002e-12,-1.0,62,-19.037656903765686,9.169095967426562e-10,True
cpsat,lshade,1.6295557943119345e-11,-1.0,60,-11.24581939799331,1.5315420812487663e-09,True
cpsat,imode,1.6295557943119345e-11,-1.0,60,-13.242753623188406,1.5315420812487663e-09,True
cpsat,cmaes,2.935576933991171e-11,-0.9954802259887006,59,-8.208955223880597,2.3778173165328485e-09,True
cpsat,gwo,1.1111647363502784e-11,-1.0,61,-15.235507246376809,1.177834620531295e-09,True
cpsat,rime,1.6295557943119345e-11,-1.0,60,-10.702341137123746,1.5315420812487663e-09,True
cpsat,mde,3.5060510731588664e-11,-1.0,58,-7.6923076923076925,2.7697803477955046e-09,True
cpsat,csa,1.6295557943119345e-11,-1.0,60,-13.509889373114316,1.5315420812487663e-09,True
dispatching,greedy,2.2583828812060023e-09,-0.8402107111501317,67,-14.912280701754385,1.3098620710994812e-07,True
dispatching,tabu,5.1683948136322595e-12,1.0,63,16.255605381165918,6.56386141331297e-10,True
dispatching,sa,1.1076151546135735e-10,1.0,55,13.255567338282077,7.97482911321773e-09,True
dispatching,brkga,0.006897520979453378,0.38846153846153847,64,5.833333333333332,0.10806575480593926,False
dispatching,ga,4.341715906987323e-06,0.6605769230769231,64,10.15873015873016,0.0001519600567445563,True
dispatching,de,0.09116560987887871,0.24102564102564103,65,2.7710109622411707,0.9116560987887872,False
dispatching,pso,0.28826879426948504,0.15151515151515152,65,1.1372867587327349,1.0,False
dispatching,abc,0.5718888054227705,-0.08065268065268065,65,-0.2843216896831855,1.0,False
dispatching,lshade,0.000686538819913162,0.48438228438228437,65,6.403940886699509,0.015790392858002725,True
dispatching,imode,0.005514835779913038,0.39903846153846156,64,5.623973727422005,0.09926704403843468,False
dispatching,cmaes,9.170236935542514e-07,0.7113095238095238,63,9.30174563591023,3.759797143572431e-05,True
dispatching,gwo,0.12703289892515865,0.2177156177156177,65,4.349904397705547,1.0,False
dispatching,rime,0.0005016883595271938,0.4965034965034965,65,6.137479541734861,0.012040520628652653,True
dispatching,mde,4.3675343153165054e-05,0.5922619047619048,63,7.971014492753625,0.0013539356377481166,True
dispatching,csa,0.006754109675371204,0.3864801864801865,65,5.4687500000000036,0.10806575480593926,False
greedy,tabu,1.1197003099219983e-12,1.0,67,33.106575963718825,1.5227924214939177e-10,True
greedy,sa,1.1715558223763868e-12,0.9991220368744512,67,29.813160032493904,1.5464536855368305e-10,True
greedy,brkga,3.0047171359862507e-12,0.9806848112379281,67,19.69407265774378,3.846037934062401e-10,True
greedy,ga,1.1197003099219983e-12,1.0,67,22.954035874439462,1.5227924214939177e-10,True
greedy,de,1.0274961366137638e-11,0.9561018437225637,67,18.345323741007192,1.0994208661767272e-09,True
greedy,pso,5.2469919537645484e-11,0.9294436906377205,66,17.594108019639933,3.935243965323411e-09,True
greedy,abc,5.326143655378102e-10,0.8726953467954346,67,13.517179023508142,3.3554705028882044e-08,True
greedy,lshade,2.4047977149263343e-12,0.9850746268656716,67,20.78559738134206,3.102189052254971e-10,True
greedy,imode,9.838616947828568e-12,0.9569798068481123,67,20.298372513562388,1.0625706303654853e-09,True
greedy,cmaes,1.1197003099219983e-12,1.0,67,24.045491470349305,1.5227924214939177e-10,True
greedy,gwo,8.568554932052067e-11,0.9122036874451273,67,17.51652502360718,6.2550451003980094e-09,True
greedy,rime,1.2824351930211495e-12,0.9973661106233538,67,20.51860202931229,1.6799901028577058e-10,True
greedy,mde,1.6805571986744575e-12,0.9920983318700615,67,21.533923303834808,2.1847243582767947e-10,True
greedy,csa,7.91505609234169e-12,0.961369622475856,67,19.40298507462687,9.169095967426562e-10,True
tabu,sa,7.547498213151496e-11,-1.0,56,-4.069767441860464,5.585148677732107e-09,True
tabu,brkga,1.6295557943119345e-11,-1.0,60,-11.940298507462687,1.5315420812487663e-09,True
tabu,ga,2.2351356611315054e-10,-0.9661222020568663,57,-5.6716417910447765,1.4751895363467936e-08,True
tabu,de,5.1683948136322595e-12,-1.0,63,-14.337132573485302,6.56386141331297e-10,True
tabu,pso,1.1111647363502784e-11,-1.0,61,-15.220949263502456,1.177834620531295e-09,True
tabu,abc,7.577765262336002e-12,-1.0,62,-19.072657743785854,9.169095967426562e-10,True
tabu,lshade,1.6295557943119345e-11,-1.0,60,-9.414225941422595,1.5315420812487663e-09,True
tabu,imode,1.6295557943119345e-11,-1.0,60,-12.145110410094636,1.5315420812487663e-09,True
tabu,cmaes,2.935576933991171e-11,-0.9954802259887006,59,-6.26865671641791,2.3778173165328485e-09,True
tabu,gwo,1.1111647363502784e-11,-1.0,61,-15.299684542586748,1.177834620531295e-09,True
tabu,rime,1.6295557943119345e-11,-1.0,60,-8.089260808926081,1.5315420812487663e-09,True
tabu,mde,1.0801060403046376e-09,-0.9205143191116306,58,-4.672245467224547,6.58864684585829e-08,True
tabu,csa,1.6293000864348577e-11,-1.0,60,-11.227336122733613,1.5315420812487663e-09,True
sa,brkga,1.9577471931334515e-08,-0.8406779661016949,59,-7.567715959004392,9.984510684980603e-07,True
sa,ga,0.00285041291675422,-0.4543254688445251,57,-1.8181818181818181,0.05832287835436081,False
sa,de,1.410082787768285e-10,-0.9295634920634921,63,-9.225874867444325,9.729571235601166e-09,True
sa,pso,1.833054064559891e-10,-0.9386567953463776,61,-8.912884333821378,1.246476763900726e-08,True
sa,abc,1.1751501547498195e-11,-0.9907834101382489,62,-10.526315789473685,1.177834620531295e-09,True
sa,lshade,8.361160769460665e-06,-0.6727060198714202,58,-3.846153846153843,0.0002759183053922019,True
sa,imode,1.7169918865409302e-08,-0.8440677966101695,59,-7.194244604316548,8.928357810012837e-07,True
sa,cmaes,0.0004385061278516731,-0.5353901996370236,57,-2.1346469622331687,0.010962653196291828,True
sa,gwo,7.198793899418943e-09,-0.8590163934426229,60,-8.144216691068817,4.031324583674608e-07,True
sa,rime,3.5296478917583985e-05,-0.6192090395480226,59,-1.823338735818477,0.0011294873253626875,True
sa,mde,0.0024098635143330886,-0.46616541353383456,56,-0.5630630630630633,0.05301699731532795,False
sa,csa,4.79097739276663e-07,-0.7536723163841808,59,-4.31654676258993,2.1080300528173173e-05,True
brkga,ga,1.833054064559891e-10,0.9386567953463776,61,3.6842105263157894,1.246476763900726e-08,True
brkga,de,2.870270673692854e-06,-0.6835637480798771,62,-1.1471321695760608,0.00010332974425294275,True
brkga,pso,2.696240623562287e-11,-0.9890710382513661,60,-2.7254707631318134,2.210917311321075e-09,True
brkga,abc,7.577765262336002e-12,-1.0,62,-5.697151424287853,9.169095967426562e-10,True
brkga,lshade,2.057664085884332e-06,0.7107344632768362,59,1.5475313190862217,7.819123526360462e-05,True
brkga,imode,0.17909727235433848,0.20112994350282487,59,0.06257822277847325,1.0,False
brkga,cmaes,3.561946475413102e-10,0.9311475409836065,60,5.375,2.2796457442643852e-08,True
brkga,gwo,1.978622583245805e-06,-0.7060109289617487,60,-2.0110410094637174,7.716628074658639e-05,True
brkga,rime,0.0003666185303362848,0.5289617486338798,60,1.4570007107320535,0.009575401599850153,True
brkga,mde,4.4250152912985515e-05,0.6165984804208066,58,2.5607638888888893,0.0013539356377481166,True
brkga,csa,0.8495539963375276,0.02863822326125073,58,0.0,1.0,False
ga,de,9.633574874793673e-12,-0.9871031746031746,63,-5.88235294117647,1.0500596613525103e-09,True
ga,pso,9.214425527838948e-12,-0.9959037378392217,62,-7.071339173967459,1.0135868080622842e-09,True
ga,abc,5.690890720152127e-12,-0.998015873015873,63,-9.955752212389378,6.942886678585595e-10,True
ga,lshade,1.3749364261371703e-07,-0.7757800105764145,61,-2.965069049553211,6.3247075602309834e-06,True
ga,imode,1.3824858893704506e-10,-0.9450026441036489,61,-2.914798206278027,9.677401225593154e-09,True
ga,cmaes,0.11335078740677823,0.23904149620105203,58,0.08103727714748743,1.0,False
ga,gwo,4.8382142883032404e-11,-0.9682707562136436,61,-6.418161434977579,3.7254250019934954e-09,True
ga,rime,5.979212395529922e-08,-0.7979904812268641,61,-3.466334164588531,2.8102298258990635e-06,True
ga,mde,0.0027772799216362293,-0.455535390199637,57,0.0,0.05832287835436081,False
ga,csa,1.373119964203099e-09,-0.8994535519125683,60,-4.202898550724637,8.238719785218595e-08,True
de,pso,0.019387586350336147,-0.3442622950819672,61,-1.1627906976744171,0.27142620890470603,False
de,abc,2.2283614006780177e-08,-0.810515873015873,63,-4.26421404682274,1.1141807003390088e-06,True
de,lshade,3.853845748182164e-08,0.7966269841269841,63,3.2945736434108532,1.8883844166092604e-06,True
de,imode,2.163665474245897e-06,0.6865079365079365,63,1.5644555694618258,8.005562254709819e-05,True
de,cmaes,5.1683948136322595e-12,1.0,63,6.726457399103139,6.56386141331297e-10,True
de,gwo,0.4035912049088459,-0.12103174603174603,63,-0.7229136163982446,1.0,False
de,rime,1.6507055308193969e-06,0.6999487967229903,62,3.8798498122653307,6.602822123277587e-05,True
de,mde,7.840311171933602e-07,0.7214541730670763,62,5.407725321888412,3.292930692212113e-05,True
de,csa,0.0036990398966125645,0.42063492063492064,63,1.813880126182962,0.07028175803563873,False
pso,abc,4.935089153834651e-11,-0.9600614439324117,62,-2.9272898961284213,3.750667756914335e-09,True
pso,lshade,1.1111647363502784e-11,1.0,61,4.344170403587444,1.177834620531295e-09,True
pso,imode,1.1111647363502784e-11,1.0,61,3.1940063091482678,1.177834620531295e-09,True
pso,cmaes,8.775419685726218e-12,0.9969278033794163,62,8.101472995090017,9.740715851156101e-10,True
pso,gwo,0.08153940333288393,0.25647805393971446,61,0.5747126436781613,0.8969334366617232,False
pso,rime,1.227403216350005e-11,0.9978847170809095,61,3.7771482530689324,1.1783070876960047e-09,True
pso,mde,1.1111647363502784e-11,1.0,61,4.679802955665024,1.177834620531295e-09,True
pso,csa,2.4489975045307974e-11,0.9830777366472766,61,2.914614121510674,2.032667928760562e-09,True
abc,lshade,7.577765262336002e-12,1.0,62,7.266009852216751,9.169095967426562e-10,True
abc,imode,7.577765262336002e-12,1.0,62,6.4668769716088335,9.169095967426562e-10,True
abc,cmaes,7.588826526162455e-12,0.9920634920634921,63,11.403508771929825,9.169095967426562e-10,True
abc,gwo,1.4266893224002908e-11,0.9866871479774706,62,3.403565640194488,1.3553548562802763e-09,True
abc,rime,7.577765262336002e-12,1.0,62,6.95067264573991,9.169095967426562e-10,True
abc,mde,7.577765262336002e-12,1.0,62,7.49211356466877,9.169095967426562e-10,True
abc,csa,7.577765262336002e-12,1.0,62,5.741410488245929,9.169095967426562e-10,True
lshade,imode,4.249637975767529e-07,-0.7508196721311475,60,-1.122994652406419,1.912337089095388e-05,True
lshade,cmaes,6.234583805391235e-07,0.7398907103825136,60,3.636363636363635,2.680871036318231e-05,True
lshade,gwo,1.1678682193806253e-11,-0.9989423585404548,61,-3.537284894837476,1.177834620531295e-09,True
lshade,rime,0.481961704471497,-0.10707803992740472,57,0.0,1.0,False
lshade,mde,0.03490552060069009,0.32123411978221417,57,0.20113979215555133,0.43281198386116226,False
lshade,csa,8.89523275506581e-10,-0.9251899473991818,58,-1.2280701754385968,5.515044308140802e-08,True
imode,cmaes,2.9471759550968313e-10,0.9355191256830601,60,4.649390243902438,1.9156643708129403e-08,True
imode,gwo,4.0794234077616074e-08,-0.8214689265536723,59,-2.7991954408313795,1.9581232357255714e-06,True
imode,rime,0.006034921570155506,0.40765027322404374,60,1.0869565217391326,0.1025936666926436,False
imode,mde,0.000251460034647489,0.5480225988700564,59,1.9088016967126196,0.007040880970129691,True
imode,csa,0.5309988357866471,-0.09378531073446328,59,0.0,1.0,False
cmaes,gwo,1.1997959750819053e-10,-0.9481755684822845,61,-8.245614035087721,8.518551423081528e-09,True
cmaes,rime,5.1930863596152556e-06,-0.6765027322404371,60,-1.7543859649122808,0.00017656493622691868,True
cmaes,mde,0.033293229527781715,-0.31864406779661014,59,0.0,0.43281198386116226,False
cmaes,csa,1.5042966927055902e-08,-0.8404371584699454,60,-3.903743315508022,8.123202140610187e-07,True
gwo,rime,1.1678682193806253e-11,0.9989423585404548,61,2.460984393757503,1.177834620531295e-09,True
gwo,mde,1.994566564292453e-11,0.9956284153005465,60,3.134328358208956,1.6754359140056605e-09,True
gwo,csa,3.102318170629129e-09,0.8797814207650273,60,1.5219842164599777,1.7683213572586038e-07,True
rime,mde,0.0001706674586722307,0.5627118644067797,59,0.49019607843137253,0.0049493563014946906,True
rime,csa,8.456075661203243e-09,-0.8621468926553673,59,-0.9009009009009006,4.6508416136617836e-07,True
mde,csa,1.5513538122097176e-08,-0.8538866160140269,58,-1.401179941002951,8.222175204711504e-07,True
