method,t,median,q1,q3,coverage
abc,0.01,44.71046538399719,32.2829428140587,58.476948986257284,0.9552238805970149
abc,0.01190922255039211,42.586750788643535,32.657657657657666,56.6003616636528,0.9701492537313433
abc,0.014182958175476787,42.97815800301742,31.656287817668414,54.89322311202962,0.9850746268656716
abc,0.016890800533465627,42.4348059890012,30.828156785818077,54.362836906914666,0.9850746268656716
abc,0.020115630260732383,40.620411324690494,29.524756611450158,53.277845948505984,0.9850746268656716
abc,0.0239561517516464,40.37925147385967,28.9407776979127,52.426617461242216,0.9850746268656716
abc,0.028529914266132276,40.155855860537166,28.560034449325368,52.426617461242216,0.9850746268656716
abc,0.03397690983389759,39.599928869058445,28.06076297672504,52.164598891301665,0.9850746268656716
abc,0.04046385807864926,39.27727854642964,27.919119917234955,51.27266387726639,0.9850746268656716
abc,0.04818930911061157,39.05821556929189,27.55174169505847,50.48814504881451,0.9850746268656716
abc,0.05738972067479109,38.42404549147035,26.854396572378896,49.6206676533933,1.0
abc,0.06834669556209264,37.69716088328076,26.219329196255032,49.23801459216881,1.0
abc,0.0813956008032858,37.205523964256706,25.6115303527207,48.282775453277544,1.0
abc,0.09693583245892048,37.173913043478265,25.30242063542474,47.794630404463035,1.0
abc,0.11544304018608072,36.43379366368806,24.8762561132017,47.36750348675035,1.0
abc,0.13748368574698944,36.10885458976442,24.254732819368662,47.29776847977685,1.0
abc,0.16373238106090687,35.46511627906976,23.524128127833738,46.94909344490935,1.0
abc,0.19499253647599463,34.593023255813954,23.408450359042227,46.277894002789395,1.0
abc,0.232220951255807,34.197324414715716,23.13604391833934,45.76359832635983,1.0
abc,0.2765570989369163,33.98550724637681,22.60618091806975,45.11854951185495,1.0
abc,0.3293580039130544,33.79366368805849,22.07251917751146,43.73292203910853,1.0
abc,0.39223977673534804,33.021933387489845,21.65461722154293,43.10412100684067,1.0
abc,0.46712707942573733,32.413249211356465,21.486131573890205,42.72929534435811,1.0
abc,0.5563120348195794,31.814449917898195,20.743813123225074,42.13000496135082,1.0
abc,0.6625243830127855,31.486042692939243,20.2793067611001,41.503240068691355,1.0
abc,0.7890150322360485,31.23476848090983,19.76298620065821,41.2519299571328,1.0
abc,0.9396555614503901,30.602006688963215,19.394618834080717,40.798283857872775,1.0
abc,1.1190567202026338,30.21346469622332,19.184044150195348,40.219403817981174,1.0
abc,1.3327095527405048,29.731861198738173,19.119666467791912,39.72114122902556,1.0
abc,1.5871534658620194,29.310344827586206,18.20158162646952,39.34621621402856,1.0
abc,1.8901763846576944,29.310344827586206,17.780420555084234,38.73886987308421,1.0
abc,2.251053122438406,28.637123745819395,17.610110856636965,38.3935346821849,1.0
abc,2.6808292607874016,28.03627760252366,17.55405704497777,37.7718009621464,1.0
abc,3.192659228632032,27.72082018927445,17.10123607074809,37.52624475104979,1.0
abc,3.802208928134209,27.40536277602524,16.263432715226436,36.843343034365176,1.0
abc,4.528135230823811,27.247634069400632,16.00990684963144,36.315665696563485,1.0
abc,5.3926570202151884,26.88834154351396,15.868016128101,35.99570507633213,1.0
abc,6.422235259167707,26.642036124794746,15.588640770815658,35.556384987422604,1.0
abc,7.648382897240333,26.60098522167488,15.343371696914875,35.009848632169266,1.0
abc,9.108629407384788,26.279447603574333,15.132291807001675,34.89740485405832,1.0
abc,10.847669474159156,26.279447603574333,14.89142881887642,34.723067336624574,1.0
abc,12.91873099208564,25.94637223974763,14.583132854750861,34.599014052295885,1.0
abc,15.385204245339567,25.46709991876523,14.386944513943686,34.37239521505823,1.0
abc,18.322582134098628,24.881703470031546,14.08651532939433,34.09345518716423,1.0
abc,21.82077083328191,24.842271293375397,13.868867761119345,33.88227168594271,1.0
abc,25.98684160746592,24.763406940063092,13.868867761119345,33.38853585759422,1.0
abc,30.948308008510093,24.540133779264213,13.656031678823688,33.38853585759422,1.0
abc,36.85702876314293,24.498327759197323,13.548735541484632,33.20112956074264,1.0
abc,43.89385580864722,24.21135646687697,13.256630227679516,32.77487825125094,1.0
abc,52.27416974200008,24.132492113564666,13.172549510190727,32.77487825125094,1.0
abc,62.25447210944526,23.72055239642567,12.944821878789044,32.42358946049987,1.0
abc,74.14023631085618,23.501577287066247,12.809498835620392,32.21931659693166,1.0
abc,88.29525741646478,23.462145110410095,12.724088999313214,31.76778242677824,1.0
abc,105.1527870716838,23.06782334384858,12.471720599523291,31.76778242677824,1.0
abc,125.2287943030676,22.87066246056782,11.996793640720762,31.62831241283124,1.0
abc,149.137758107251,22.79179810725552,11.683505619478632,30.96757322175732,1.0
abc,177.61147519657962,22.745735174654754,11.632365514473662,30.404463040446306,1.0
abc,211.52145856195136,22.27917981072555,11.206182059290537,30.237099023709902,1.0
abc,251.90561241978202,21.608832807570977,11.206182059290537,30.132496513249652,1.0
abc,300.0000000000001,21.529968454258675,10.95393990682417,30.132496513249652,1.0
brkga,0.01,43.33333333333333,32.657657657657666,58.00180831826401,0.9701492537313433
brkga,0.01190922255039211,42.586750788643535,31.137387387387385,55.56057866184448,0.9701492537313433
brkga,0.014182958175476787,42.75026340225041,30.23694056960186,55.738242148191304,0.9850746268656716
brkga,0.016890800533465627,42.4348059890012,29.899102731764017,54.48943539864969,0.9850746268656716
brkga,0.020115630260732383,41.37867629817447,28.939153661309494,52.444051212985585,0.9850746268656716
brkga,0.0239561517516464,39.788425493084375,28.398200217045087,52.426617461242216,0.9850746268656716
brkga,0.028529914266132276,39.788425493084375,28.061357518357227,52.426617461242216,0.9850746268656716
brkga,0.03397690983389759,39.444984406493894,27.698582160021424,52.13069292385139,0.9850746268656716
brkga,0.04046385807864926,39.21813028144541,26.494663732904982,51.71561673236637,0.9850746268656716
brkga,0.04818930911061157,38.63360127532516,26.293652659241044,51.011157601115755,0.9850746268656716
brkga,0.05738972067479109,38.24921135646687,25.794400017784778,49.26801545590365,1.0
brkga,0.06834669556209264,36.69950738916256,25.297873240032132,48.275718934714746,1.0
brkga,0.0813956008032858,35.960591133004925,24.702126759967868,47.06349206349206,1.0
brkga,0.09693583245892048,35.59113300492611,23.737828367888184,45.70535722787415,1.0
brkga,0.11544304018608072,34.93431855500821,22.747255938207793,44.84449951894801,1.0
brkga,0.13748368574698944,33.949096880131364,21.914842131753684,44.68628656383106,1.0
brkga,0.16373238106090687,33.825944170771756,21.409963093468715,44.32821943282194,1.0
brkga,0.19499253647599463,32.608695652173914,20.75808992849352,43.55357669962606,1.0
brkga,0.232220951255807,32.525083612040135,20.02625608470117,42.60764788571521,1.0
brkga,0.2765570989369163,30.40152963671128,19.433131428061486,41.4480259870065,1.0
brkga,0.3293580039130544,30.01672240802676,18.478525788814963,40.11329512235033,1.0
brkga,0.39223977673534804,29.254302103250478,17.680031653917172,39.701001269276865,1.0
brkga,0.46712707942573733,28.82409177820268,16.99912895870432,39.17930415323312,1.0
brkga,0.5563120348195794,28.027823240589196,16.21227076244891,38.773699433469105,1.0
brkga,0.6625243830127855,27.454991816693944,15.034766535109432,37.92346391871667,1.0
brkga,0.7890150322360485,26.636661211129294,14.246134302860398,37.63366179517111,1.0
brkga,0.9396555614503901,25.93582887700535,13.938799953954016,36.98316283034953,1.0
brkga,1.1190567202026338,25.204582651391163,13.648216384996264,35.89060542065738,1.0
brkga,1.3327095527405048,24.808795411089868,13.315438359975177,35.56853667140294,1.0
brkga,1.5871534658620194,24.414348462664712,12.944705685691652,34.97976388052387,1.0
brkga,1.8901763846576944,24.06417112299465,12.787355277598099,33.874188601051664,1.0
brkga,2.251053122438406,23.31550802139037,12.514845605700714,33.356266637887614,1.0
brkga,2.6808292607874016,23.08228730822873,12.309751972942502,32.601662572381116,1.0
brkga,3.192659228632032,22.084130019120458,12.088574205935831,32.48775474584831,1.0
brkga,3.802208928134209,21.988527724665392,11.924708338808825,31.865173045695542,1.0
brkga,4.528135230823811,21.845124282982795,11.821630775268732,31.407947514209656,1.0
brkga,5.3926570202151884,21.253943217665615,11.474255189970496,30.611866145823143,1.0
brkga,6.422235259167707,21.223709369024856,11.25563063063063,30.17673730384338,1.0
brkga,7.648382897240333,21.223709369024856,10.559086842133294,29.76574154789079,1.0
brkga,9.108629407384788,20.223152022315205,10.559086842133294,28.981865709869332,1.0
brkga,10.847669474159156,19.676656151419557,10.511922336085258,28.672926109792073,1.0
brkga,12.91873099208564,19.676656151419557,10.355941704035875,27.96367994100295,1.0
brkga,15.385204245339567,19.4006309148265,10.103794343810193,27.88746042880783,1.0
brkga,18.322582134098628,19.4006309148265,9.374422577906794,27.73873120368372,1.0
brkga,21.82077083328191,18.35564053537285,9.033191226129873,27.152483209614708,1.0
brkga,25.98684160746592,18.35564053537285,8.976221761762773,26.854799923047327,1.0
brkga,30.948308008510093,18.164435946462714,8.873234199700297,26.722133786603354,1.0
brkga,36.85702876314293,18.164435946462714,8.503557077926356,26.317873429191053,1.0
brkga,43.89385580864722,18.11663479923518,8.503557077926356,26.127324648703247,1.0
brkga,52.27416974200008,18.11663479923518,8.429030542662634,26.012995380410565,1.0
brkga,62.25447210944526,18.0205047318612,7.81758448060075,25.62461008288524,1.0
brkga,74.14023631085618,17.547318611987382,7.786295369211514,25.58951620676662,1.0
brkga,88.29525741646478,17.144026186579378,7.49436936936937,25.287857411999752,1.0
brkga,105.1527870716838,17.144026186579378,7.340860597439545,25.128037813651517,1.0
brkga,125.2287943030676,16.65302782324059,7.340860597439545,24.948181698543607,1.0
brkga,149.137758107251,16.58699808795411,7.035644667223615,24.824955066694397,1.0
brkga,177.61147519657962,16.44359464627151,7.035644667223615,24.824955066694397,1.0
brkga,211.52145856195136,16.246056782334385,6.77344563545518,24.29141848132854,1.0
brkga,251.90561241978202,16.206624605678236,6.627252252252252,24.29141848132854,1.0
brkga,300.0000000000001,15.92809364548495,6.6027809094325445,24.001951442321975,1.0
cmaes,0.01,49.04459424423127,32.33292458614347,66.40516039051604,0.835820895522388
cmaes,0.01190922255039211,47.10035317575816,30.47582822366615,62.67471907740587,0.8656716417910447
cmaes,0.014182958175476787,45.4102355808286,30.99775784753363,62.76150627615063,0.9104477611940298
cmaes,0.016890800533465627,44.90358358583025,30.613984449947573,56.5809697813352,0.9253731343283582
cmaes,0.020115630260732383,43.63894811656006,28.307174887892376,55.952380952380956,0.9701492537313433
cmaes,0.0239561517516464,41.88963210702341,28.82882882882883,55.30045351473923,0.9701492537313433
cmaes,0.028529914266132276,40.21739130434783,27.466367713004487,54.46304044630404,0.9701492537313433
cmaes,0.03397690983389759,40.020976353928305,27.778952264174876,53.053151640403,0.9850746268656716
cmaes,0.04046385807864926,39.39006680812565,27.363677363888776,52.8983533458932,0.9850746268656716
cmaes,0.04818930911061157,38.999149210819695,25.464709032739982,52.54531987308985,0.9850746268656716
cmaes,0.05738972067479109,37.73014310269723,25.168565033007702,50.849635309873115,0.9850746268656716
cmaes,0.06834669556209264,37.256093769431665,24.775168069003428,48.9755595404131,0.9850746268656716
cmaes,0.0813956008032858,35.960591133004925,24.366223071832955,47.575878329016405,1.0
cmaes,0.09693583245892048,35.960591133004925,23.81096050508772,47.24546722454672,1.0
cmaes,0.11544304018608072,35.38587848932677,23.301950609128674,47.02754532775453,1.0
cmaes,0.13748368574698944,34.93431855500821,22.3784653853157,45.91353442203906,1.0
cmaes,0.16373238106090687,34.072249589490966,21.428355924236843,45.481278285372724,1.0
cmaes,0.19499253647599463,33.428107229894394,20.81909492413945,45.143454871488345,1.0
cmaes,0.232220951255807,33.08359621451104,19.972326586676363,44.519872105048435,1.0
cmaes,0.2765570989369163,32.49211356466877,19.38249909101927,42.930004703706935,1.0
cmaes,0.3293580039130544,31.545741324921135,18.147749887654875,42.33621894867888,1.0
cmaes,0.39223977673534804,31.194151096669376,17.10689108390902,40.778564692549125,1.0
cmaes,0.46712707942573733,30.463038180341186,16.307467486942194,39.73533939485799,1.0
cmaes,0.5563120348195794,29.85015772870662,15.483248326147159,39.35587017696998,1.0
cmaes,0.6625243830127855,28.66719242902208,14.93969658475331,38.31754078001481,1.0
cmaes,0.7890150322360485,27.33224222585925,14.33904721842465,37.538063337393424,1.0
cmaes,0.9396555614503901,26.73501577287066,14.045918268579284,36.71439739986734,1.0
cmaes,1.1190567202026338,26.11639824304539,13.772286427783264,36.01658829192432,1.0
cmaes,1.3327095527405048,25.450081833060555,13.312743713863117,35.73495147327407,1.0
cmaes,1.5871534658620194,24.645110410094638,12.13400900900901,34.99543664803298,1.0
cmaes,1.8901763846576944,24.48738170347003,10.785441032604727,34.591492637483825,1.0
cmaes,2.251053122438406,23.462145110410095,9.64617372640063,33.745396821481464,1.0
cmaes,2.6808292607874016,22.20031545741325,8.417631604798956,32.84789902030819,1.0
cmaes,3.192659228632032,21.253943217665615,7.961771566737323,32.16596293839507,1.0
cmaes,3.802208928134209,19.362745098039216,7.021454485293249,31.27634216097063,1.0
cmaes,4.528135230823811,18.49904397705545,6.847635937600308,30.498574443662754,1.0
cmaes,5.3926570202151884,18.021032504780116,5.821707357581797,29.603883387979035,1.0
cmaes,6.422235259167707,16.778202676864247,5.480571382348927,29.100241817453373,1.0
cmaes,7.648382897240333,15.107913669064748,5.480571382348927,28.633069276625516,1.0
cmaes,9.108629407384788,13.879598662207357,5.362005760670332,28.053890746751918,1.0
cmaes,10.847669474159156,13.813229571984436,5.362005760670332,26.372238064334596,1.0
cmaes,12.91873099208564,11.871657754010695,5.362005760670332,25.43310334483276,1.0
cmaes,15.385204245339567,11.666666666666666,5.362005760670332,24.752553381742366,1.0
cmaes,18.322582134098628,11.122994652406417,5.237627651217595,23.17480358810271,1.0
cmaes,21.82077083328191,11.122994652406417,5.237627651217595,21.92252417107326,1.0
cmaes,25.98684160746592,11.122994652406417,4.870990237099024,20.579773801606844,1.0
cmaes,30.948308008510093,10.924713584288053,4.836122733612273,19.538531089164003,1.0
cmaes,36.85702876314293,10.325047801147228,4.526345291479821,18.8268805623264,1.0
cmaes,43.89385580864722,9.42429022082019,4.378778339849934,18.024800817998134,1.0
cmaes,52.27416974200008,9.345425867507887,4.378778339849934,17.939893865593042,1.0
cmaes,62.25447210944526,9.345425867507887,4.378778339849934,17.825564597300357,1.0
cmaes,74.14023631085618,9.345425867507887,4.378778339849934,17.825564597300357,1.0
cmaes,88.29525741646478,9.345425867507887,4.378778339849934,17.740439603695673,1.0
cmaes,105.1527870716838,9.345425867507887,4.378778339849934,17.740439603695673,1.0
cmaes,125.2287943030676,9.345425867507887,4.378778339849934,17.740439603695673,1.0
cmaes,149.137758107251,9.345425867507887,4.378778339849934,17.740439603695673,1.0
cmaes,177.61147519657962,9.345425867507887,4.378778339849934,17.740439603695673,1.0
cmaes,211.52145856195136,9.227129337539433,4.378778339849934,17.536784199363733,1.0
cmaes,251.90561241978202,9.227129337539433,4.378778339849934,17.279233218217136,1.0
cmaes,300.0000000000001,9.227129337539433,4.378778339849934,17.279233218217136,1.0
cpsat,0.01,0.0,0.0,4.804804804804805,0.1044776119402985
cpsat,0.01190922255039211,0.0,0.0,15.24609843937575,0.13432835820895522
cpsat,0.014182958175476787,15.931506931130661,2.823240589198036,28.066876557752487,0.29850746268656714
cpsat,0.016890800533465627,16.616915422885572,4.215140244336337,27.72653770866515,0.34328358208955223
cpsat,0.020115630260732383,17.117117117117118,4.665959703075292,26.23318385650224,0.373134328358209
cpsat,0.0239561517516464,17.32861203449439,4.770093529372427,26.757040866880928,0.417910447761194
cpsat,0.028529914266132276,17.81609195402299,10.85899513776337,25.56053811659193,0.4925373134328358
cpsat,0.03397690983389759,17.678099452947325,10.706183290259464,27.053203121117242,0.5373134328358209
cpsat,0.04046385807864926,17.678099452947325,9.103415611721932,25.703990855325284,0.5671641791044776
cpsat,0.04818930911061157,18.0661450640693,9.542032191951154,27.158256448879683,0.6567164179104478
cpsat,0.05738972067479109,19.085173501577287,10.935738444193912,29.81403719256149,0.7313432835820896
cpsat,0.06834669556209264,18.948941265838812,9.115620186413146,28.693882715138223,0.746268656716418
cpsat,0.0813956008032858,18.507462686567163,8.508914100486225,27.659574468085108,0.7910447761194029
cpsat,0.09693583245892048,17.847025495750707,7.545045045045046,27.659574468085108,0.7910447761194029
cpsat,0.11544304018608072,17.82784957766616,6.138922075081188,27.033100003322737,0.835820895522388
cpsat,0.13748368574698944,17.846842227264105,5.804405730420386,28.71963217975874,0.8656716417910447
cpsat,0.16373238106090687,17.81609195402299,5.1016535646516665,25.21070670249681,0.8805970149253731
cpsat,0.19499253647599463,17.11143172052663,4.195955705344247,24.201276233386867,0.8955223880597015
cpsat,0.232220951255807,16.223175965665234,3.711558854718982,24.188790560471976,0.9104477611940298
cpsat,0.2765570989369163,16.05902777777778,3.9926428975664967,24.347627495630988,0.9402985074626866
cpsat,0.3293580039130544,15.750457302397226,4.146859083191851,24.293180373881267,0.9552238805970149
cpsat,0.39223977673534804,13.877349076402865,3.557302560830054,24.201828364137054,0.9552238805970149
cpsat,0.46712707942573733,12.14017521902378,3.1578947368421053,23.90488110137672,0.9701492537313433
cpsat,0.5563120348195794,11.270411421489577,2.8188877331333604,22.170789605197402,0.9850746268656716
cpsat,0.6625243830127855,10.061570511290736,2.012859124152334,21.21078066408972,0.9850746268656716
cpsat,0.7890150322360485,9.047246398127601,1.517283664771509,21.21078066408972,0.9850746268656716
cpsat,0.9396555614503901,8.88732748546662,1.2679639047263405,20.782914935885856,0.9850746268656716
cpsat,1.1190567202026338,7.8015471967516685,0.8703865155478059,20.782914935885856,0.9850746268656716
cpsat,1.3327095527405048,7.211003804506877,0.1670843776106934,20.626626887011977,0.9850746268656716
cpsat,1.5871534658620194,6.610127053110149,0.028153153153153154,19.907954249857994,0.9850746268656716
cpsat,1.8901763846576944,6.580016246953696,0.0,18.85888309063851,1.0
cpsat,2.251053122438406,6.580016246953696,0.0,16.856305750378777,1.0
cpsat,2.6808292607874016,6.580016246953696,0.0,15.356133235004915,1.0
cpsat,3.192659228632032,6.2032085561497325,0.0,14.325033875338754,1.0
cpsat,3.802208928134209,5.133689839572193,0.0,13.414909804613417,1.0
cpsat,4.528135230823811,4.269293924466338,0.0,11.312100213219615,1.0
cpsat,5.3926570202151884,4.029850746268657,0.0,10.48892813540467,1.0
cpsat,6.422235259167707,3.8461538461538463,0.0,10.480776560872105,1.0
cpsat,7.648382897240333,2.5373134328358207,0.0,9.395990590390761,1.0
cpsat,9.108629407384788,1.8883415435139574,0.0,9.04539555233073,1.0
cpsat,10.847669474159156,1.7651888341543511,0.0,8.87542903947163,1.0
cpsat,12.91873099208564,1.477832512315271,0.0,7.923453282828283,1.0
cpsat,15.385204245339567,0.8620689655172413,0.0,7.7715435606060606,1.0
cpsat,18.322582134098628,0.6978653530377668,0.0,7.103267883480826,1.0
cpsat,21.82077083328191,0.42780748663101603,0.0,6.966336465785407,1.0
cpsat,25.98684160746592,0.17543859649122806,0.0,6.560809065072158,1.0
cpsat,30.948308008510093,0.08408071748878924,0.0,6.005512224822837,1.0
cpsat,36.85702876314293,0.0,0.0,5.855222040652504,1.0
cpsat,43.89385580864722,0.0,0.0,5.548453282828283,1.0
cpsat,52.27416974200008,0.0,0.0,5.084996946217501,1.0
cpsat,62.25447210944526,0.0,0.0,4.470329139039582,1.0
cpsat,74.14023631085618,0.0,0.0,4.167066737079059,1.0
cpsat,88.29525741646478,0.0,0.0,4.024551376597836,1.0
cpsat,105.1527870716838,0.0,0.0,3.5701792377398722,1.0
cpsat,125.2287943030676,0.0,0.0,3.169747111602753,1.0
cpsat,149.137758107251,0.0,0.0,2.7615089111405,1.0
cpsat,177.61147519657962,0.0,0.0,2.4099883855981417,1.0
cpsat,211.52145856195136,0.0,0.0,2.1331712517551615,1.0
cpsat,251.90561241978202,0.0,0.0,1.818912954026858,1.0
cpsat,300.0000000000001,0.0,0.0,1.7656080499756857,1.0
csa,0.01,44.56140350877193,33.12780269058296,58.00180831826401,0.9701492537313433
csa,0.01190922255039211,43.61702127659575,32.53731343283582,56.2386980108499,0.9701492537313433
csa,0.014182958175476787,42.586750788643535,30.913978494623656,55.379746835443036,0.9701492537313433
csa,0.016890800533465627,41.63185786734388,30.55889905312149,54.057683199862225,0.9850746268656716
csa,0.020115630260732383,40.552595531203295,30.446958754614027,52.6346192485433,0.9850746268656716
csa,0.0239561517516464,40.41732440348822,29.204328692858578,52.43118344384167,0.9850746268656716
csa,0.028529914266132276,40.013731806804486,28.81523202784588,52.426617461242216,0.9850746268656716
csa,0.03397690983389759,39.7827438892494,28.560034449325368,52.21350324463243,0.9850746268656716
csa,0.04046385807864926,39.11794544806828,28.110410923665192,51.71561673236637,0.9850746268656716
csa,0.04818930911061157,38.42404549147035,27.777945392260232,50.92219187341267,1.0
csa,0.05738972067479109,37.77416734362308,27.354018940400756,50.08494619181288,1.0
csa,0.06834669556209264,37.54010695187166,26.74656996300489,49.949322322011795,1.0
csa,0.0813956008032858,37.54010695187166,25.93839937085871,49.259065550906556,1.0
csa,0.09693583245892048,36.70289855072464,25.93839937085871,47.54184100418411,1.0
csa,0.11544304018608072,35.67921440261866,25.321480416613813,47.376220362622036,1.0
csa,0.13748368574698944,35.63829787234043,25.221977929051622,46.08612273361227,1.0
csa,0.16373238106090687,35.3518821603928,24.751831248860263,45.76982466626818,1.0
csa,0.19499253647599463,34.893267651888344,24.32455489413332,45.41492329149233,1.0
csa,0.232220951255807,34.11860276198213,24.03858892506307,44.50139470013947,1.0
csa,0.2765570989369163,33.556782334384856,23.6182402435415,44.2381450488145,1.0
csa,0.3293580039130544,33.44202898550725,22.84124702267698,43.600034155921776,1.0
csa,0.39223977673534804,33.13953488372093,22.63670947555055,43.55644977656334,1.0
csa,0.46712707942573733,32.04711616571893,22.260078922745212,42.77821658649513,1.0
csa,0.5563120348195794,31.722177091795288,21.910096379091094,42.315095494264654,1.0
csa,0.6625243830127855,31.30114566284779,21.70069763786414,42.12332422508753,1.0
csa,0.7890150322360485,31.178396072013093,21.32918013188127,41.99082366605561,1.0
csa,0.9396555614503901,30.747126436781613,20.453326103707088,41.27630540837439,1.0
csa,1.1190567202026338,29.8440065681445,19.587295064103763,40.1215283699113,1.0
csa,1.3327095527405048,29.623567921440262,18.854297639330113,39.69617029771303,1.0
csa,1.5871534658620194,29.214402618657935,18.70622216585263,38.946514308044804,1.0
csa,1.8901763846576944,28.89983579638752,17.37559107326691,38.80126332876387,1.0
csa,2.251053122438406,28.776683087027912,16.683710933203322,38.02841226445601,1.0
csa,2.6808292607874016,28.472786352558895,15.92712523335707,37.3572218128224,1.0
csa,3.192659228632032,27.917981072555204,15.31806876644334,36.437697776236504,1.0
csa,3.802208928134209,27.681388012618296,14.891855246986662,36.118907769445286,1.0
csa,4.528135230823811,27.294882209585705,14.574260167186292,35.51736096059648,1.0
csa,5.3926570202151884,26.41711229946524,13.814439962066597,35.170126801006276,1.0
csa,6.422235259167707,26.14353312302839,13.3923714024954,35.07737656595431,1.0
csa,7.648382897240333,25.777414075286416,13.145254311357128,34.56530103149262,1.0
csa,9.108629407384788,25.459866220735787,12.330783651237866,34.1747876061969,1.0
csa,10.847669474159156,24.487381703470035,11.917601621151237,33.31095958297002,1.0
csa,12.91873099208564,24.224598930481285,11.753888588212742,32.665950541110874,1.0
csa,15.385204245339567,23.91304347826087,10.854671731817655,32.42158223206776,1.0
csa,18.322582134098628,23.65930599369085,10.138639175656342,32.05449502189933,1.0
csa,21.82077083328191,22.82608695652174,9.786758484295515,31.53150039897783,1.0
csa,25.98684160746592,22.172401171303076,9.187932567760893,31.363258764721564,1.0
csa,30.948308008510093,22.042586750788644,8.804421374163864,31.07168855135594,1.0
csa,36.85702876314293,21.608832807570977,8.605971851680005,30.885786874931,1.0
csa,43.89385580864722,20.859621451104104,8.121579012392099,30.536512978672413,1.0
csa,52.27416974200008,20.425867507886437,7.554215865455808,29.91252197727679,1.0
csa,62.25447210944526,19.893048128342247,7.044695317715544,29.733276085980716,1.0
csa,74.14023631085618,19.25133689839572,6.71255736337088,29.119087523884676,1.0
csa,88.29525741646478,19.037433155080215,6.330051901695791,28.650858920273098,1.0
csa,105.1527870716838,18.270571827057182,5.962483479651017,28.28904445258578,1.0
csa,125.2287943030676,17.364016736401673,5.704433547755702,27.516847725108317,1.0
csa,149.137758107251,16.387726638772662,5.607019252609169,26.941628511700507,1.0
csa,177.61147519657962,15.583173996175908,5.486893303297153,26.742103956525057,1.0
csa,211.52145856195136,15.152963671128107,5.399174005051539,26.310175494592173,1.0
csa,251.90561241978202,14.196940726577438,5.293631282383256,25.748956689232106,1.0
csa,300.0000000000001,13.862332695984703,5.053444180522565,25.28491098291942,1.0
de,0.01,44.01069518716578,32.657657657657666,58.00180831826401,0.9701492537313433
de,0.01190922255039211,43.850267379679146,32.038288288288285,58.00180831826401,0.9701492537313433
de,0.014182958175476787,42.971014492753625,31.36261261261261,55.56057866184448,0.9701492537313433
de,0.016890800533465627,42.4348059890012,30.23694056960186,54.478858502248414,0.9850746268656716
de,0.020115630260732383,42.045813019787786,29.34171184980961,53.13864277769791,0.9850746268656716
de,0.0239561517516464,40.773196659939416,29.10056657223796,52.426617461242216,0.9850746268656716
de,0.028529914266132276,40.366992676369705,28.33520076670472,52.426617461242216,0.9850746268656716
de,0.03397690983389759,39.918613454466794,27.868639593618905,52.033371365423804,0.9850746268656716
de,0.04046385807864926,39.27727854642964,27.33926864244742,51.71561673236637,0.9850746268656716
de,0.04818930911061157,38.85289512183971,26.864601466853117,50.90219665271967,0.9850746268656716
de,0.05738972067479109,38.24921135646687,26.74058008237969,49.23801459216881,1.0
de,0.06834669556209264,38.170347003154575,26.224042312338877,48.76220362622036,1.0
de,0.0813956008032858,37.083333333333336,25.438809316645475,48.08815785728517,1.0
de,0.09693583245892048,37.083333333333336,24.855332383455934,47.39695455557718,1.0
de,0.11544304018608072,36.04651162790697,23.982748811993844,45.91822221329793,1.0
de,0.13748368574698944,35.20066889632107,23.187816283389918,45.338589185928505,1.0
de,0.16373238106090687,34.06940063091483,22.817137488523052,44.89810534063513,1.0
de,0.19499253647599463,33.850267379679146,22.210346808558107,43.941326530612244,1.0
de,0.232220951255807,32.94314381270903,21.300448430493272,43.11438732661631,1.0
de,0.2765570989369163,32.69230769230769,20.69184356896784,42.424694977322524,1.0
de,0.3293580039130544,32.02341137123746,20.071210471248907,42.35495997034902,1.0
de,0.39223977673534804,31.68896321070234,19.79591984688551,41.09822386987038,1.0
de,0.46712707942573733,29.378068739770868,18.958072711176122,39.70729070611138,1.0
de,0.5563120348195794,28.805237315875615,18.30988984987453,39.393483174730626,1.0
de,0.6625243830127855,28.051839464882942,17.31731133619279,39.056020102007466,1.0
de,0.7890150322360485,27.74140752864157,16.60320728453776,37.837022556731,1.0
de,0.9396555614503901,27.550167224080266,15.800761535873427,36.83376537231498,1.0
de,1.1190567202026338,27.27272727272727,14.809920143965808,36.53899750201285,1.0
de,1.3327095527405048,26.309328968903436,13.840863395584424,36.143418164049166,1.0
de,1.5871534658620194,25.96153846153846,13.395729420407532,35.74963515251348,1.0
de,1.8901763846576944,25.50802139037433,12.64147288797366,34.86998887888576,1.0
de,2.251053122438406,24.713584288052374,11.81729154749409,34.03971701536726,1.0
de,2.6808292607874016,23.796791443850267,11.81729154749409,33.59344193342038,1.0
de,3.192659228632032,23.363338788870706,11.676367083007055,32.91084517503368,1.0
de,3.802208928134209,22.42225859247136,11.676367083007055,32.006975120570154,1.0
de,4.528135230823811,21.69732441471572,11.676367083007055,31.691866001738465,1.0
de,5.3926570202151884,20.962566844919785,11.620041425237932,30.88396933656502,1.0
de,6.422235259167707,20.347003154574132,11.607508000894008,30.4652858460285,1.0
de,7.648382897240333,19.597791798107256,11.476123241208883,29.93028470262595,1.0
de,9.108629407384788,19.164037854889592,11.476123241208883,29.384645478091947,1.0
de,10.847669474159156,18.88801261829653,11.476123241208883,28.36792512892341,1.0
de,12.91873099208564,18.555008210180624,11.443893879375526,28.33105197258123,1.0
de,15.385204245339567,18.49904397705545,11.376272573021453,27.681469187410197,1.0
de,18.322582134098628,18.414826498422713,11.348119419868299,27.064142716777205,1.0
de,21.82077083328191,18.217665615141957,11.25563063063063,26.58575902726603,1.0
de,25.98684160746592,18.217665615141957,11.25563063063063,26.10019509476031,1.0
de,30.948308008510093,18.217665615141957,11.25563063063063,26.10019509476031,1.0
de,36.85702876314293,18.099369085173503,11.14923900789177,25.783166109253067,1.0
de,43.89385580864722,18.099369085173503,11.14923900789177,25.57483277591973,1.0
de,52.27416974200008,17.744479495268138,11.14923900789177,25.009057971014492,1.0
de,62.25447210944526,17.744479495268138,11.14923900789177,24.755434782608695,1.0
de,74.14023631085618,17.744479495268138,11.14923900789177,24.495209653721428,1.0
de,88.29525741646478,17.744479495268138,11.14923900789177,24.495209653721428,1.0
de,105.1527870716838,17.744479495268138,11.14923900789177,24.377456030533022,1.0
de,125.2287943030676,17.744479495268138,11.148212735313773,23.972759383020353,1.0
de,149.137758107251,17.744479495268138,11.148212735313773,23.972759383020353,1.0
de,177.61147519657962,17.744479495268138,11.098563332216095,23.972759383020353,1.0
de,211.52145856195136,17.744479495268138,11.098563332216095,23.935913399232586,1.0
de,251.90561241978202,17.744479495268138,11.098563332216095,23.690299201863503,1.0
de,300.0000000000001,17.744479495268138,11.098563332216095,23.690299201863503,1.0
dispatching,0.01,16.206482593037215,8.843700159489634,23.455964325529543,0.582089552238806
dispatching,0.01190922255039211,19.01853776853777,9.695353247984828,25.576803383845444,0.6865671641791045
dispatching,0.014182958175476787,18.806306306306304,9.917022285443338,25.50040011685953,0.7014925373134329
dispatching,0.016890800533465627,19.230769230769234,9.473684210526317,25.3475935828877,0.7910447761194029
dispatching,0.020115630260732383,19.26450742240216,9.37799043062201,25.906571654790184,0.835820895522388
dispatching,0.0239561517516464,19.31000608777464,10.138691322901849,25.906571654790184,0.8955223880597015
dispatching,0.028529914266132276,19.31000608777464,10.138691322901849,25.906571654790184,0.8955223880597015
dispatching,0.03397690983389759,19.298245614035086,9.473684210526317,25.653206650831358,0.9104477611940298
dispatching,0.04046385807864926,19.298245614035086,9.473684210526317,25.653206650831358,0.9104477611940298
dispatching,0.04818930911061157,19.31000608777464,9.695353247984828,26.41330166270784,0.9253731343283582
dispatching,0.05738972067479109,19.31000608777464,9.695353247984828,26.41330166270784,0.9253731343283582
dispatching,0.06834669556209264,19.321766561514195,9.917022285443338,26.669680530440026,0.9402985074626866
dispatching,0.0813956008032858,19.702724284941198,10.138691322901849,26.78862874168702,0.9552238805970149
dispatching,0.09693583245892048,19.702724284941198,10.138691322901849,26.78862874168702,0.9552238805970149
dispatching,0.11544304018608072,19.702724284941198,10.138691322901849,26.78862874168702,0.9552238805970149
dispatching,0.13748368574698944,20.0836820083682,10.36036036036036,26.67269439421338,0.9701492537313433
dispatching,0.16373238106090687,20.605894541468995,10.386549340037712,27.020497436634304,0.9850746268656716
dispatching,0.19499253647599463,20.605894541468995,10.386549340037712,27.020497436634304,0.9850746268656716
dispatching,0.232220951255807,20.605894541468995,10.386549340037712,27.020497436634304,0.9850746268656716
dispatching,0.2765570989369163,20.605894541468995,10.386549340037712,27.020497436634304,0.9850746268656716
dispatching,0.3293580039130544,20.605894541468995,10.386549340037712,27.020497436634304,0.9850746268656716
dispatching,0.39223977673534804,20.605894541468995,10.386549340037712,27.020497436634304,0.9850746268656716
dispatching,0.46712707942573733,20.605894541468995,10.386549340037712,27.020497436634304,0.9850746268656716
dispatching,0.5563120348195794,20.605894541468995,10.386549340037712,27.020497436634304,0.9850746268656716
dispatching,0.6625243830127855,20.605894541468995,10.386549340037712,27.020497436634304,0.9850746268656716
dispatching,0.7890150322360485,20.605894541468995,10.386549340037712,27.020497436634304,0.9850746268656716
dispatching,0.9396555614503901,20.0836820083682,10.412738319715064,26.90456308916066,1.0
dispatching,1.1190567202026338,20.0836820083682,10.412738319715064,26.90456308916066,1.0
dispatching,1.3327095527405048,20.0836820083682,10.412738319715064,26.90456308916066,1.0
dispatching,1.5871534658620194,20.0836820083682,10.412738319715064,26.90456308916066,1.0
dispatching,1.8901763846576944,20.0836820083682,10.412738319715064,26.90456308916066,1.0
dispatching,2.251053122438406,20.0836820083682,10.412738319715064,26.90456308916066,1.0
dispatching,2.6808292607874016,20.0836820083682,10.412738319715064,26.90456308916066,1.0
dispatching,3.192659228632032,20.0836820083682,10.412738319715064,26.90456308916066,1.0
dispatching,3.802208928134209,20.0836820083682,10.412738319715064,26.90456308916066,1.0
dispatching,4.528135230823811,20.0836820083682,10.412738319715064,26.90456308916066,1.0
dispatching,5.3926570202151884,20.0836820083682,10.412738319715064,26.90456308916066,1.0
dispatching,6.422235259167707,20.0836820083682,10.412738319715064,26.90456308916066,1.0
dispatching,7.648382897240333,20.0836820083682,10.412738319715064,26.90456308916066,1.0
dispatching,9.108629407384788,20.0836820083682,10.412738319715064,26.90456308916066,1.0
dispatching,10.847669474159156,20.0836820083682,10.412738319715064,26.90456308916066,1.0
dispatching,12.91873099208564,20.0836820083682,10.412738319715064,26.90456308916066,1.0
dispatching,15.385204245339567,20.0836820083682,10.412738319715064,26.90456308916066,1.0
dispatching,18.322582134098628,20.0836820083682,10.412738319715064,26.90456308916066,1.0
dispatching,21.82077083328191,20.0836820083682,10.412738319715064,26.90456308916066,1.0
dispatching,25.98684160746592,20.0836820083682,10.412738319715064,26.90456308916066,1.0
dispatching,30.948308008510093,20.0836820083682,10.412738319715064,26.90456308916066,1.0
dispatching,36.85702876314293,20.0836820083682,10.412738319715064,26.90456308916066,1.0
dispatching,43.89385580864722,20.0836820083682,10.412738319715064,26.90456308916066,1.0
dispatching,52.27416974200008,20.0836820083682,10.412738319715064,26.90456308916066,1.0
dispatching,62.25447210944526,20.0836820083682,10.412738319715064,26.90456308916066,1.0
dispatching,74.14023631085618,20.0836820083682,10.412738319715064,26.90456308916066,1.0
dispatching,88.29525741646478,20.0836820083682,10.412738319715064,26.90456308916066,1.0
dispatching,105.1527870716838,20.0836820083682,10.412738319715064,26.90456308916066,1.0
dispatching,125.2287943030676,20.0836820083682,10.412738319715064,26.90456308916066,1.0
dispatching,149.137758107251,20.0836820083682,10.412738319715064,26.90456308916066,1.0
dispatching,177.61147519657962,20.0836820083682,10.412738319715064,26.90456308916066,1.0
dispatching,211.52145856195136,20.0836820083682,10.412738319715064,26.90456308916066,1.0
dispatching,251.90561241978202,20.0836820083682,10.412738319715064,26.90456308916066,1.0
dispatching,300.0000000000001,20.0836820083682,10.412738319715064,26.90456308916066,1.0
ga,0.01,44.73684210526316,32.657657657657666,58.00180831826401,0.9701492537313433
ga,0.01190922255039211,43.859649122807014,32.657657657657666,58.00180831826401,0.9701492537313433
ga,0.014182958175476787,42.7184990979395,31.600353340912616,55.953429184289575,0.9850746268656716
ga,0.016890800533465627,41.79799515267287,30.646949559278234,54.4306488418152,0.9850746268656716
ga,0.020115630260732383,41.38393104211633,29.445910418066248,53.14320876029737,0.9850746268656716
ga,0.0239561517516464,40.871312745586366,28.888101983002834,52.444051212985585,0.9850746268656716
ga,0.028529914266132276,40.25829702419579,28.299768712862708,52.40918370949884,0.9850746268656716
ga,0.03397690983389759,39.55743757552929,28.135984384028866,52.247409212082694,0.9850746268656716
ga,0.04046385807864926,39.35614289974194,27.710954755371127,51.71561673236637,0.9850746268656716
ga,0.04818930911061157,38.21119043228577,26.21355239768917,51.139215285711764,0.9850746268656716
ga,0.05738972067479109,36.98686371100164,25.82805619520866,50.08494619181288,1.0
ga,0.06834669556209264,36.7816091954023,25.631867854401484,49.4222549549806,1.0
ga,0.0813956008032858,36.04269293924466,24.718973457762697,47.90189894592453,1.0
ga,0.09693583245892048,35.960591133004925,23.653675134361833,45.764010616167624,1.0
ga,0.11544304018608072,35.3475935828877,23.2606678095377,45.46413805694633,1.0
ga,0.13748368574698944,34.364548494983275,22.246798367874604,44.66025915613622,1.0
ga,0.16373238106090687,33.77926421404682,21.516583848422414,44.32292782180338,1.0
ga,0.19499253647599463,33.0685618729097,20.00655070673072,43.142371525694855,1.0
ga,0.232220951255807,31.764705882352942,19.284836838510394,43.007398520295936,1.0
ga,0.2765570989369163,30.07364975450082,18.354405908053977,42.00628493548152,1.0
ga,0.3293580039130544,29.828150572831426,17.512999935802785,40.913631433005435,1.0
ga,0.39223977673534804,29.25531914893617,16.45591115556111,40.40621079323958,1.0
ga,0.46712707942573733,28.927986906710313,14.937212547155186,39.87393697731042,1.0
ga,0.5563120348195794,28.511705685618725,14.452500781938639,38.59832635983264,1.0
ga,0.6625243830127855,27.926421404682273,13.103443729296952,37.10146469209194,1.0
ga,0.7890150322360485,26.577287066246058,12.26201004902806,35.55794549136132,1.0
ga,0.9396555614503901,25.080213903743314,11.604661424977023,35.08492766109147,1.0
ga,1.1190567202026338,24.43850267379679,11.379022106836597,34.44647876427963,1.0
ga,1.3327095527405048,23.383280757097793,10.316057889108777,32.92342504964027,1.0
ga,1.5871534658620194,21.87165775401069,9.995451708270632,32.42224711073566,1.0
ga,1.8901763846576944,21.06951871657754,9.441358487644614,31.73152692493234,1.0
ga,2.251053122438406,17.892156862745097,9.009601706970127,31.02657947883535,1.0
ga,2.6808292607874016,17.15686274509804,8.746443812233286,30.276378579003183,1.0
ga,3.192659228632032,16.108986615678777,8.655268933882462,29.333355425945562,1.0
ga,3.802208928134209,15.009560229445507,8.125971047374781,28.932404397868112,1.0
ga,4.528135230823811,14.028776978417266,7.835273372956176,28.57981046314726,1.0
ga,5.3926570202151884,13.575525812619501,7.16484268125855,27.947117026439244,1.0
ga,6.422235259167707,13.575525812619501,6.676356589147288,27.24785492968936,1.0
ga,7.648382897240333,13.432122370936902,6.5310077519379846,26.41626777627711,1.0
ga,9.108629407384788,13.049713193116634,6.4516426725729055,25.025075474696116,1.0
ga,10.847669474159156,13.049713193116634,6.372277593207826,24.269707833478986,1.0
ga,12.91873099208564,13.049713193116634,6.002214839424141,23.552833624968756,1.0
ga,15.385204245339567,12.684124386252044,5.86993970714901,23.25543245366568,1.0
ga,18.322582134098628,12.520458265139116,5.724590869939707,22.739774700026217,1.0
ga,21.82077083328191,12.064156206415621,5.579242032730406,22.56048432777928,1.0
ga,25.98684160746592,12.064156206415621,5.5166110316324914,21.936600542798985,1.0
ga,30.948308008510093,11.666666666666666,5.462962962962964,21.65906331464486,1.0
ga,36.85702876314293,11.666666666666666,5.462962962962964,21.341909795379067,1.0
ga,43.89385580864722,11.666666666666666,5.462962962962964,21.282429561118455,1.0
ga,52.27416974200008,11.343283582089553,5.254310669377306,20.82534444794789,1.0
ga,62.25447210944526,11.292962356792144,5.166591371131691,20.257818358747276,1.0
ga,74.14023631085618,11.16220735785953,4.8570414055022075,20.07650720953906,1.0
ga,88.29525741646478,11.120401337792641,4.8570414055022075,19.40697512034928,1.0
ga,105.1527870716838,10.833333333333332,4.655726062926482,19.393248912442985,1.0
ga,125.2287943030676,10.111576011157602,4.475869947818569,19.177189452299878,1.0
ga,149.137758107251,9.414225941422593,4.475869947818569,18.778369143155263,1.0
ga,177.61147519657962,8.786610878661087,4.475869947818569,18.48071546012906,1.0
ga,211.52145856195136,8.70967741935484,4.073239262667119,18.40166282263313,1.0
ga,251.90561241978202,8.333333333333332,3.9444838978602523,18.024703990387863,1.0
ga,300.0000000000001,8.172043010752688,3.837187760521197,17.869395557198956,1.0
greedy,0.01,38.70646766169154,25.21246458923513,48.01084990958409,0.9104477611940298
greedy,0.01190922255039211,38.70646766169154,25.21246458923513,48.01084990958409,0.9104477611940298
greedy,0.014182958175476787,38.292627770239704,25.272238425505986,47.698784914202456,0.9253731343283582
greedy,0.016890800533465627,38.292627770239704,25.272238425505986,47.698784914202456,0.9253731343283582
greedy,0.020115630260732383,37.878787878787875,25.332012261776843,47.386719918820816,0.9402985074626866
greedy,0.0239561517516464,38.292627770239704,25.3917860980477,47.074654923439184,0.9552238805970149
greedy,0.028529914266132276,38.292627770239704,25.3917860980477,47.074654923439184,0.9552238805970149
greedy,0.03397690983389759,38.292627770239704,25.3917860980477,47.074654923439184,0.9552238805970149
greedy,0.04046385807864926,37.970711297071134,25.451559934318556,46.76258992805755,0.9701492537313433
greedy,0.04818930911061157,37.970711297071134,25.451559934318556,46.76258992805755,0.9701492537313433
greedy,0.05738972067479109,37.924749587929504,25.56288519737569,46.686986693830775,0.9850746268656716
greedy,0.06834669556209264,37.924749587929504,25.56288519737569,46.686986693830775,0.9850746268656716
greedy,0.0813956008032858,37.924749587929504,25.56288519737569,46.686986693830775,0.9850746268656716
greedy,0.09693583245892048,37.924749587929504,25.56288519737569,46.686986693830775,0.9850746268656716
greedy,0.11544304018608072,37.924749587929504,25.56288519737569,46.686986693830775,0.9850746268656716
greedy,0.13748368574698944,37.924749587929504,25.56288519737569,46.686986693830775,0.9850746268656716
greedy,0.16373238106090687,37.924749587929504,25.56288519737569,46.686986693830775,0.9850746268656716
greedy,0.19499253647599463,37.924749587929504,25.56288519737569,46.686986693830775,0.9850746268656716
greedy,0.232220951255807,37.878787878787875,25.332012261776843,46.611383459604,1.0
greedy,0.2765570989369163,37.878787878787875,25.332012261776843,46.611383459604,1.0
greedy,0.3293580039130544,37.878787878787875,25.332012261776843,46.611383459604,1.0
greedy,0.39223977673534804,37.878787878787875,25.332012261776843,46.611383459604,1.0
greedy,0.46712707942573733,37.878787878787875,25.332012261776843,46.611383459604,1.0
greedy,0.5563120348195794,37.878787878787875,25.332012261776843,46.611383459604,1.0
greedy,0.6625243830127855,37.878787878787875,25.332012261776843,46.611383459604,1.0
greedy,0.7890150322360485,37.878787878787875,25.332012261776843,46.611383459604,1.0
greedy,0.9396555614503901,37.878787878787875,25.332012261776843,46.611383459604,1.0
greedy,1.1190567202026338,37.878787878787875,25.332012261776843,46.611383459604,1.0
greedy,1.3327095527405048,37.878787878787875,25.332012261776843,46.611383459604,1.0
greedy,1.5871534658620194,37.878787878787875,25.332012261776843,46.611383459604,1.0
greedy,1.8901763846576944,37.878787878787875,25.332012261776843,46.611383459604,1.0
greedy,2.251053122438406,37.878787878787875,25.332012261776843,46.611383459604,1.0
greedy,2.6808292607874016,37.878787878787875,25.332012261776843,46.611383459604,1.0
greedy,3.192659228632032,37.878787878787875,25.332012261776843,46.611383459604,1.0
greedy,3.802208928134209,37.878787878787875,25.332012261776843,46.611383459604,1.0
greedy,4.528135230823811,37.878787878787875,25.332012261776843,46.611383459604,1.0
greedy,5.3926570202151884,37.878787878787875,25.332012261776843,46.611383459604,1.0
greedy,6.422235259167707,37.878787878787875,25.332012261776843,46.611383459604,1.0
greedy,7.648382897240333,37.878787878787875,25.332012261776843,46.611383459604,1.0
greedy,9.108629407384788,37.878787878787875,25.332012261776843,46.611383459604,1.0
greedy,10.847669474159156,37.878787878787875,25.332012261776843,46.611383459604,1.0
greedy,12.91873099208564,37.878787878787875,25.332012261776843,46.611383459604,1.0
greedy,15.385204245339567,37.878787878787875,25.332012261776843,46.611383459604,1.0
greedy,18.322582134098628,37.878787878787875,25.332012261776843,46.611383459604,1.0
greedy,21.82077083328191,37.878787878787875,25.332012261776843,46.611383459604,1.0
greedy,25.98684160746592,37.878787878787875,25.332012261776843,46.611383459604,1.0
greedy,30.948308008510093,37.878787878787875,25.332012261776843,46.611383459604,1.0
greedy,36.85702876314293,37.878787878787875,25.332012261776843,46.611383459604,1.0
greedy,43.89385580864722,37.878787878787875,25.332012261776843,46.611383459604,1.0
greedy,52.27416974200008,37.878787878787875,25.332012261776843,46.611383459604,1.0
greedy,62.25447210944526,37.878787878787875,25.332012261776843,46.611383459604,1.0
greedy,74.14023631085618,37.878787878787875,25.332012261776843,46.611383459604,1.0
greedy,88.29525741646478,37.878787878787875,25.332012261776843,46.611383459604,1.0
greedy,105.1527870716838,37.878787878787875,25.332012261776843,46.611383459604,1.0
greedy,125.2287943030676,37.878787878787875,25.332012261776843,46.611383459604,1.0
greedy,149.137758107251,37.878787878787875,25.332012261776843,46.611383459604,1.0
greedy,177.61147519657962,37.878787878787875,25.332012261776843,46.611383459604,1.0
greedy,211.52145856195136,37.878787878787875,25.332012261776843,46.611383459604,1.0
greedy,251.90561241978202,37.878787878787875,25.332012261776843,46.611383459604,1.0
greedy,300.0000000000001,37.878787878787875,25.332012261776843,46.611383459604,1.0
gwo,0.01,44.01069518716578,32.34304932735426,58.00180831826401,0.9701492537313433
gwo,0.01190922255039211,43.54183590576767,30.79954954954955,56.6003616636528,0.9701492537313433
gwo,0.014182958175476787,42.80936454849498,30.01126126126126,55.56057866184448,0.9701492537313433
gwo,0.016890800533465627,42.4348059890012,29.904783861324077,54.4306488418152,0.9850746268656716
gwo,0.020115630260732383,41.13507520687605,28.995628864723262,53.3260556089392,0.9850746268656716
gwo,0.0239561517516464,40.62245691034609,28.746458923512748,52.42428006261316,0.9850746268656716
gwo,0.028529914266132276,40.02278977781898,27.870844079883867,52.426617461242216,0.9850746268656716
gwo,0.03397690983389759,39.489096145933345,27.17538986680945,52.29099359144113,0.9850746268656716
gwo,0.04046385807864926,39.12463425227449,26.550419437142416,51.859445184249225,0.9850746268656716
gwo,0.04818930911061157,38.052889426529624,26.304114018423203,51.139215285711764,0.9850746268656716
gwo,0.05738972067479109,37.5,26.100711855795357,50.424904350808696,1.0
gwo,0.06834669556209264,37.083333333333336,25.369470839314523,49.45083682008368,1.0
gwo,0.0813956008032858,36.77042801556421,24.853954600947123,48.423905824533435,1.0
gwo,0.09693583245892048,36.04269293924466,24.30499172123795,47.48365075589016,1.0
gwo,0.11544304018608072,34.8731884057971,23.804918028165837,47.34418074194316,1.0
gwo,0.13748368574698944,34.76449275362319,22.210128099217506,46.37270706393838,1.0
gwo,0.16373238106090687,34.04255319148936,21.902836033780964,45.51104215352896,1.0
gwo,0.19499253647599463,33.98550724637681,21.375313093362422,44.64603677903875,1.0
gwo,0.232220951255807,33.004926108374384,20.973891309594887,44.25611476344187,1.0
gwo,0.2765570989369163,31.873977086743043,20.511447363406546,43.71426735061151,1.0
gwo,0.3293580039130544,31.40394088669951,20.2496114872733,42.997198879551824,1.0
gwo,0.39223977673534804,30.991064175467102,19.74502132056217,42.56511792879519,1.0
gwo,0.46712707942573733,30.82859463850528,18.988294863163066,42.215910559384724,1.0
gwo,0.5563120348195794,30.418719211822662,18.36737646725943,41.69489274091785,1.0
gwo,0.6625243830127855,30.047318611987386,17.872859666120775,41.41595271302384,1.0
gwo,0.7890150322360485,29.244516653127537,17.088197146562905,40.39282379618514,1.0
gwo,0.9396555614503901,28.797725426482536,16.476386405861113,39.72139395650282,1.0
gwo,1.1190567202026338,28.548895899053626,16.34812993706835,38.46808213540289,1.0
gwo,1.3327095527405048,27.917981072555207,16.069013801887944,38.28210894552724,1.0
gwo,1.5871534658620194,27.641955835962143,15.278508080064501,37.86544227886057,1.0
gwo,1.8901763846576944,27.247634069400632,14.944148184058498,37.33546594546819,1.0
gwo,2.251053122438406,26.222397476340696,14.474205149294049,36.68892563462483,1.0
gwo,2.6808292607874016,26.104100946372238,13.989718417969538,36.41934262994026,1.0
gwo,3.192659228632032,26.025236593059937,13.445754303736475,35.814053654934774,1.0
gwo,3.802208928134209,25.985804416403788,13.078753334157032,35.30693658216425,1.0
gwo,4.528135230823811,25.47318611987382,12.628263393052697,35.17803369935008,1.0
gwo,5.3926570202151884,24.9211356466877,12.549421189804319,34.919203005074806,1.0
gwo,6.422235259167707,24.263502454991816,12.33879163987881,34.2440292054626,1.0
gwo,7.648382897240333,23.854337152209492,11.654066763950876,33.882570834968405,1.0
gwo,9.108629407384788,22.739751098096633,11.204720875638667,33.49752062746217,1.0
gwo,10.847669474159156,22.501830161054173,10.933199105317662,33.04273541298243,1.0
gwo,12.91873099208564,22.13579795021962,10.494907021035287,32.70533604458963,1.0
gwo,15.385204245339567,21.980234260614935,10.272160561550015,32.58992503274402,1.0
gwo,18.322582134098628,21.833821376281115,10.188079844061225,31.718237445575266,1.0
gwo,21.82077083328191,21.833821376281115,9.89616064676246,31.583946837980875,1.0
gwo,25.98684160746592,21.56301145662848,9.66861678898203,30.86265220843708,1.0
gwo,30.948308008510093,21.153846153846153,9.233234451391628,30.301480199637563,1.0
gwo,36.85702876314293,21.112929623567922,8.732960989493057,30.24007335088417,1.0
gwo,43.89385580864722,20.867430441898527,8.541666666666666,29.946068430307236,1.0
gwo,52.27416974200008,20.867430441898527,8.382818685669042,29.559471326068287,1.0
gwo,62.25447210944526,20.189274447949526,7.8401159545267305,29.257941311903984,1.0
gwo,74.14023631085618,20.0,7.710523681748712,29.090462627372922,1.0
gwo,88.29525741646478,19.913249211356465,7.710523681748712,28.625510002336576,1.0
gwo,105.1527870716838,19.321766561514195,7.657457041364404,28.51118073404389,1.0
gwo,125.2287943030676,19.321766561514195,7.353603603603604,28.455803220006878,1.0
gwo,149.137758107251,19.189852700491,7.128378378378379,28.41012721513477,1.0
gwo,177.61147519657962,18.730283911671926,6.721166060712251,28.006347292919738,1.0
gwo,211.52145856195136,18.730283911671926,6.575928643392176,27.89017697740861,1.0
gwo,251.90561241978202,18.730283911671926,6.575928643392176,27.63013484731384,1.0
gwo,300.0000000000001,18.18181818181818,6.5354100048184325,27.287704751022577,1.0
imode,0.01,44.272948822095856,32.657657657657666,58.00180831826401,0.9701492537313433
imode,0.01190922255039211,43.850267379679146,32.038288288288285,56.6003616636528,0.9701492537313433
imode,0.014182958175476787,42.474916387959865,31.137387387387385,56.03112840466926,0.9701492537313433
imode,0.016890800533465627,42.175943998396335,30.23694056960186,55.69875317511135,0.9850746268656716
imode,0.020115630260732383,40.66170861937452,29.524756611450158,53.59755067864707,0.9850746268656716
imode,0.0239561517516464,40.155855860537166,28.763723873550095,53.23162129453071,0.9850746268656716
imode,0.028529914266132276,39.71754729864962,28.614470142206812,52.64233470071277,0.9850746268656716
imode,0.03397690983389759,39.49815411694783,28.056530379265148,52.25393326813068,0.9850746268656716
imode,0.04046385807864926,38.91204338682394,27.739890076643807,51.982685528528506,0.9850746268656716
imode,0.04818930911061157,38.85289512183971,27.565760723409976,51.50637484959999,0.9850746268656716
imode,0.05738972067479109,37.77416734362308,27.59773766303617,51.02228264113877,1.0
imode,0.06834669556209264,37.205523964256706,27.090468338195706,49.679099169989485,1.0
imode,0.0813956008032858,37.205523964256706,26.632042490251443,49.28034544679585,1.0
imode,0.09693583245892048,37.083333333333336,26.632042490251443,49.050759014479155,1.0
imode,0.11544304018608072,36.69950738916256,25.658879458055058,48.597481469151404,1.0
imode,0.13748368574698944,36.69950738916256,25.658879458055058,48.15514336659933,1.0
imode,0.16373238106090687,36.16584564860427,25.422807692238248,47.57333525010026,1.0
imode,0.19499253647599463,35.60725552050474,24.92015841472524,46.975244072524404,1.0
imode,0.232220951255807,35.59113300492611,24.334632257354215,46.86192468619247,1.0
imode,0.2765570989369163,35.11705685618729,23.715560269238104,46.05125523012552,1.0
imode,0.3293580039130544,34.11860276198213,23.012321713902818,44.98779637377963,1.0
imode,0.39223977673534804,34.03736799350121,22.585373416205094,44.72629009762901,1.0
imode,0.46712707942573733,33.43023255813954,22.29701351598946,43.80652850272642,1.0
imode,0.5563120348195794,32.88643533123029,21.429864454578947,42.888224579374295,1.0
imode,0.6625243830127855,32.30706075533662,20.768863510291883,42.64105921308551,1.0
imode,0.7890150322360485,31.814449917898195,19.818859910991417,42.15166889628934,1.0
imode,0.9396555614503901,31.075533661740558,19.109413693862525,41.60211890676258,1.0
imode,1.1190567202026338,29.802955665024633,18.2302397689169,40.14399703913733,1.0
imode,1.3327095527405048,29.51559934318555,17.89391689896174,39.739544453714565,1.0
imode,1.5871534658620194,28.694581280788178,17.39456648810874,38.679342029698915,1.0
imode,1.8901763846576944,28.233438485804413,16.594967985186177,38.12252673906652,1.0
imode,2.251053122438406,28.02139037433155,16.011316810083628,37.62074284393198,1.0
imode,2.6808292607874016,27.593582887700535,15.708230149699931,36.52195455153366,1.0
imode,3.192659228632032,26.929392446633827,15.027597664929504,35.82980207288952,1.0
imode,3.802208928134209,25.86750788643533,14.404749899152886,35.10476421711934,1.0
imode,4.528135230823811,25.16366612111293,13.896138011816788,34.60067404668743,1.0
imode,5.3926570202151884,24.598930481283425,13.289979591606624,34.0509088676001,1.0
imode,6.422235259167707,24.54991816693944,12.583575728194562,33.228854861604745,1.0
imode,7.648382897240333,23.206442166910687,11.2357593019028,32.46250368398078,1.0
imode,9.108629407384788,23.206442166910687,11.011544055266029,31.846015902939058,1.0
imode,10.847669474159156,22.95417348608838,10.225149476831092,31.36178090788933,1.0
imode,12.91873099208564,22.160883280757098,9.670440068022247,30.71346201306297,1.0
imode,15.385204245339567,21.845425867507885,8.587922955349963,30.438704365267096,1.0
imode,18.322582134098628,21.44026186579378,8.142554784328585,30.232580545468785,1.0
imode,21.82077083328191,20.703764320785595,8.083172361525735,29.527152266182405,1.0
imode,25.98684160746592,19.314381270903013,7.660533157860948,29.15522151933914,1.0
imode,30.948308008510093,18.449197860962567,7.513560953433945,28.423063535420937,1.0
imode,36.85702876314293,17.757774140752865,7.205212983891556,27.885426462837103,1.0
imode,43.89385580864722,17.231861198738173,7.1166309707070035,27.312900659314863,1.0
imode,52.27416974200008,17.219251336898395,6.961074671485622,26.50308268594499,1.0
imode,62.25447210944526,16.775777414075286,6.775087653931768,26.078288476880505,1.0
imode,74.14023631085618,16.325695581014728,6.662475041319157,25.128094138771324,1.0
imode,88.29525741646478,16.0392798690671,6.617796537630268,24.93659420289855,1.0
imode,105.1527870716838,15.875613747954173,6.524472233427456,24.430069257406696,1.0
imode,125.2287943030676,15.79378068739771,6.493064898202519,24.021125030704987,1.0
imode,149.137758107251,15.690376569037657,6.493064898202519,23.42599717840195,1.0
imode,177.61147519657962,15.481171548117153,6.4555901971534695,23.108517093421224,1.0
imode,211.52145856195136,15.339116719242902,6.338808963762286,22.769934248845722,1.0
imode,251.90561241978202,15.339116719242902,6.338808963762286,22.650280529451788,1.0
imode,300.0000000000001,15.063091482649842,6.080540160112607,22.539688232979657,1.0
lshade,0.01,44.01069518716578,32.657657657657666,58.00180831826401,0.9701492537313433
lshade,0.01190922255039211,42.586750788643535,32.313575525812624,56.6003616636528,0.9701492537313433
lshade,0.014182958175476787,42.631578947368425,31.925675675675674,55.56057866184448,0.9701492537313433
lshade,0.016890800533465627,42.18019255459002,30.828156785818077,54.60780303682654,0.9850746268656716
lshade,0.020115630260732383,41.133029621220466,29.699288796444627,53.455000143517324,0.9850746268656716
lshade,0.0239561517516464,40.41732440348822,28.692902343805056,52.426617461242216,0.9850746268656716
lshade,0.028529914266132276,39.97307763145512,28.28523811537215,52.426617461242216,0.9850746268656716
lshade,0.03397690983389759,39.55743757552929,27.919119917234955,51.85669456066945,0.9850746268656716
lshade,0.04046385807864926,39.33642681141386,27.387958444147138,51.73029986052999,0.9850746268656716
lshade,0.04818930911061157,38.95175778943639,26.55911051282271,50.33776411540906,0.9850746268656716
lshade,0.05738972067479109,38.26157595450853,26.660821922506408,49.46477196178332,1.0
lshade,0.06834669556209264,37.84420289855072,26.13905525212426,49.23801459216881,1.0
lshade,0.0813956008032858,37.28260869565217,25.978048604079273,48.641827721325626,1.0
lshade,0.09693583245892048,36.627906976744185,25.467909890011825,48.14330543933055,1.0
lshade,0.11544304018608072,36.04651162790697,25.15623018054205,47.27161785216178,1.0
lshade,0.13748368574698944,35.79638752052546,24.64438056164148,46.53940027894003,1.0
lshade,0.16373238106090687,35.41835905767668,23.593960546952662,45.79846582984658,1.0
lshade,0.19499253647599463,34.89033306255077,22.50560538116592,45.51080892608089,1.0
lshade,0.232220951255807,34.6571906354515,22.253363228699552,44.67422206984695,1.0
lshade,0.2765570989369163,34.277504105090316,21.737625531841594,44.02614129851714,1.0
lshade,0.3293580039130544,33.83428107229895,21.28761392964014,43.111889107107274,1.0
lshade,0.39223977673534804,33.428107229894394,20.92650385811821,42.53684807256236,1.0
lshade,0.46712707942573733,32.65050167224081,20.56152284571567,41.709982833365295,1.0
lshade,0.5563120348195794,32.02341137123746,19.99921726659395,40.933633357010606,1.0
lshade,0.6625243830127855,31.02006688963211,19.18492202965297,40.678684346812645,1.0
lshade,0.7890150322360485,30.056864337936638,18.678670262190444,40.483723339014205,1.0
lshade,0.9396555614503901,29.731925264013,17.39700537447319,40.01994580163465,1.0
lshade,1.1190567202026338,29.306020066889634,16.5550691200214,39.12390836707028,1.0
lshade,1.3327095527405048,28.878960194963444,16.351013030197578,38.18012541846232,1.0
lshade,1.5871534658620194,28.18181818181818,15.784973298650904,37.663392725074736,1.0
lshade,1.8901763846576944,27.957413249211356,15.013380727201563,37.23739943649431,1.0
lshade,2.251053122438406,26.684491978609625,14.596268211474431,36.643757231192616,1.0
lshade,2.6808292607874016,26.268412438625205,14.180676110009815,36.01525331228436,1.0
lshade,3.192659228632032,26.149732620320854,13.71689697646221,35.596068678364475,1.0
lshade,3.802208928134209,25.882352941176475,13.457352201987396,34.078058190083524,1.0
lshade,4.528135230823811,25.0,12.336698337292162,33.74684009223195,1.0
lshade,5.3926570202151884,24.83633387888707,11.968423285870298,33.043433053088144,1.0
lshade,6.422235259167707,24.171924290220822,10.980358565890427,32.57857889687732,1.0
lshade,7.648382897240333,22.87701317715959,10.348060556286384,32.45035373079092,1.0
lshade,9.108629407384788,22.87701317715959,9.863140824217378,32.13134029656617,1.0
lshade,10.847669474159156,22.058823529411764,9.55826507547732,32.085664291694066,1.0
lshade,12.91873099208564,21.813725490196077,9.11424075702626,31.641412533689863,1.0
lshade,15.385204245339567,20.588235294117645,8.844782725614321,30.742131958150296,1.0
lshade,18.322582134098628,19.02485659655832,8.509261527646114,29.94516242175696,1.0
lshade,21.82077083328191,18.738049713193117,7.83637809063905,29.64894057126412,1.0
lshade,25.98684160746592,18.49904397705545,7.403963558662994,29.31213576516296,1.0
lshade,30.948308008510093,18.21223709369025,6.980198559498804,28.20554182649567,1.0
lshade,36.85702876314293,17.63862332695985,6.868090936180419,28.007764253088048,1.0
lshade,43.89385580864722,17.01720841300191,6.445872643494951,27.220966397332305,1.0
lshade,52.27416974200008,16.156787762906312,6.028850888864745,26.876172607879926,1.0
lshade,62.25447210944526,15.917782026768643,5.841116220529326,26.37780576175327,1.0
lshade,74.14023631085618,14.961759082217974,5.697087537550461,26.04232944503358,1.0
lshade,88.29525741646478,14.435146443514643,5.218191284765483,25.60816660253944,1.0
lshade,105.1527870716838,14.295676429567642,5.032074846921881,25.266970347134816,1.0
lshade,125.2287943030676,14.086471408647142,4.935035525924916,24.594395280235986,1.0
lshade,149.137758107251,13.668061366806135,4.841168191757206,23.871546514137705,1.0
lshade,177.61147519657962,13.249651324965134,4.816887067450765,23.57285146413411,1.0
lshade,211.52145856195136,12.691771269177126,4.619688036401678,23.424122239010003,1.0
lshade,251.90561241978202,12.691771269177126,4.619688036401678,23.0428863172226,1.0
lshade,300.0000000000001,12.203626220362622,4.480631165607413,23.00034454798999,1.0
mde,0.01,43.850267379679146,33.12780269058296,59.13528591352859,0.9701492537313433
mde,0.01190922255039211,43.1578947368421,32.34304932735426,58.45388788426763,0.9701492537313433
mde,0.014182958175476787,42.474916387959865,30.913978494623656,55.56057866184448,0.9701492537313433
mde,0.016890800533465627,41.83912199445048,30.619469959978783,54.11021451816431,0.9850746268656716
mde,0.020115630260732383,40.41732440348822,29.969700265488697,53.835425383542535,0.9850746268656716
mde,0.0239561517516464,40.135547168416934,28.92439428418446,52.59659654074012,0.9850746268656716
mde,0.028529914266132276,39.5835557057805,28.383098520848673,52.6140302924835,0.9850746268656716
mde,0.03397690983389759,38.99090774013624,28.100389809142374,52.426617461242216,0.9850746268656716
mde,0.04046385807864926,38.85289512183971,27.11605230573589,52.074616457461644,0.9850746268656716
mde,0.04818930911061157,38.18913414499766,27.081018673448895,51.48186889818689,0.9850746268656716
mde,0.05738972067479109,37.77416734362308,26.65525476695588,50.73221757322175,1.0
mde,0.06834669556209264,37.54010695187166,26.189039494912283,48.912050873347944,1.0
mde,0.0813956008032858,37.05882352941177,25.79742928417403,48.912050873347944,1.0
mde,0.09693583245892048,36.02761982128351,25.325285752540417,47.845034108483006,1.0
mde,0.11544304018608072,35.37774167343623,25.229588600904826,47.12343096234309,1.0
mde,0.13748368574698944,34.893267651888344,24.556115305358247,46.31188981868898,1.0
mde,0.16373238106090687,34.23913043478261,24.175918437369802,45.512552301255226,1.0
mde,0.19499253647599463,34.15435139573071,23.540620886598397,44.72368096471504,1.0
mde,0.232220951255807,33.98550724637681,22.82693873680923,44.34102790349055,1.0
mde,0.2765570989369163,33.43023255813954,22.36449479062089,43.78967067998747,1.0
mde,0.3293580039130544,33.13953488372093,22.215241059277602,43.28622662454103,1.0
mde,0.39223977673534804,32.52864157119476,21.175881620920528,42.37413804864445,1.0
mde,0.46712707942573733,31.914893617021274,20.47756837555044,42.04077594522936,1.0
mde,0.5563120348195794,31.77257525083612,19.971947844705692,41.42253139330293,1.0
mde,0.6625243830127855,31.40394088669951,19.831560820910596,40.898282112692904,1.0
mde,0.7890150322360485,30.564648117839607,18.988859936169355,40.313421573556354,1.0
mde,0.9396555614503901,30.178716490658005,18.033293944168385,40.028501046417404,1.0
mde,1.1190567202026338,30.07364975450082,17.752393649254635,39.998507045217636,1.0
mde,1.3327095527405048,29.473244147157192,17.280405405405403,39.66866296905536,1.0
mde,1.5871534658620194,29.41640378548896,16.093702089447632,38.6944027986007,1.0
mde,1.8901763846576944,29.264214046822744,15.565636544161666,38.13042861591685,1.0
mde,2.251053122438406,28.762541806020064,15.202018266240309,36.34350891151095,1.0
mde,2.6808292607874016,27.944760357432983,14.398216084804416,35.915521718485905,1.0
mde,3.192659228632032,27.904142973192528,13.79534359385897,35.393334626813115,1.0
mde,3.802208928134209,27.414075286415713,13.206814445808966,34.88043396246752,1.0
mde,4.528135230823811,26.254180602006688,12.5891927300049,34.41144888362277,1.0
mde,5.3926570202151884,25.0,11.746466731669663,34.23526600771058,1.0
mde,6.422235259167707,25.0,11.265690780166167,33.307622248790345,1.0
mde,7.648382897240333,23.422562141491397,10.72724827711087,33.03776711097398,1.0
mde,9.108629407384788,23.050878477306004,10.382603879296571,32.25351432507789,1.0
mde,10.847669474159156,22.944550669216063,9.7476820991395,32.051582442785545,1.0
mde,12.91873099208564,22.13193116634799,9.032053193868965,31.975362930590418,1.0
mde,15.385204245339567,19.230769230769234,8.306415964551622,31.469345089654386,1.0
mde,18.322582134098628,19.230769230769234,7.57725070763496,30.917628758084433,1.0
mde,21.82077083328191,15.384615384615385,6.943626197355842,30.2348215088755,1.0
mde,25.98684160746592,14.602017937219731,6.461856444945509,29.85530812817347,1.0
mde,30.948308008510093,12.23021582733813,5.610694377624351,29.737976582749397,1.0
mde,36.85702876314293,11.666666666666666,5.205836749886858,28.892931387619274,1.0
mde,43.89385580864722,11.666666666666666,5.177651856989452,28.61936645053678,1.0
mde,52.27416974200008,11.538461538461538,4.96437054631829,27.967080222889052,1.0
mde,62.25447210944526,11.538461538461538,4.7091487321004895,27.237325299389266,1.0
mde,74.14023631085618,9.615384615384615,4.258657995027745,26.42943163433369,1.0
mde,88.29525741646478,9.615384615384615,3.9477217089157386,25.9463074572335,1.0
mde,105.1527870716838,9.615384615384615,3.7326525268394866,25.370317062387347,1.0
mde,125.2287943030676,9.615384615384615,3.7326525268394866,24.95153089730696,1.0
mde,149.137758107251,7.6923076923076925,3.5968067651142244,24.360643282951216,1.0
mde,177.61147519657962,7.6923076923076925,3.5424316605467157,23.72759647665272,1.0
mde,211.52145856195136,7.6923076923076925,3.326410728060286,23.42343327163103,1.0
mde,251.90561241978202,7.6923076923076925,3.2700409422654717,21.854397139345174,1.0
mde,300.0000000000001,7.6923076923076925,3.2700409422654717,21.189518381942115,1.0
pso,0.01,44.86823730193019,32.21856513165527,58.63385275194766,0.9552238805970149
pso,0.01190922255039211,43.24561403508772,32.657657657657666,58.00180831826401,0.9701492537313433
pso,0.014182958175476787,43.65942028985508,31.137387387387385,55.56057866184448,0.9701492537313433
pso,0.016890800533465627,42.50951958687601,30.23694056960186,54.539991101926006,0.9850746268656716
pso,0.020115630260732383,41.76022866177891,29.699288796444627,53.14320876029737,0.9850746268656716
pso,0.0239561517516464,40.806661567936715,28.9407776979127,52.40918370949884,0.9850746268656716
pso,0.028529914266132276,40.43039847347116,28.67285386100658,52.426617461242216,0.9850746268656716
pso,0.03397690983389759,39.918613454466794,27.731618626015177,51.97001394700139,0.9850746268656716
pso,0.04046385807864926,39.57963461097668,27.426414724407515,51.859445184249225,0.9850746268656716
pso,0.04818930911061157,38.91955835962145,27.176640697088175,50.62761506276151,1.0
pso,0.05738972067479109,37.7906976744186,26.492047153395582,50.424904350808696,1.0
pso,0.06834669556209264,37.173913043478265,26.227732306210882,49.90411436541144,1.0
pso,0.0813956008032858,36.53530377668309,25.588063047988758,48.9452580195258,1.0
pso,0.09693583245892048,36.03678929765886,24.937434189695672,48.76220362622036,1.0
pso,0.11544304018608072,35.953177257525084,24.520988424749827,47.68045982229553,1.0
pso,0.13748368574698944,35.20066889632107,24.05285466871615,46.841590563453806,1.0
pso,0.16373238106090687,34.69899665551839,23.086935925027223,45.97280334728033,1.0
pso,0.19499253647599463,34.40065681444992,22.66248638846256,45.085781055400844,1.0
pso,0.232220951255807,33.83280757097792,22.372764555600376,43.85727457019056,1.0
pso,0.2765570989369163,33.31550802139037,21.781008913368147,43.582831550844645,1.0
pso,0.3293580039130544,32.72870662460568,20.926503858118206,43.23865352452522,1.0
pso,0.39223977673534804,31.52173913043478,20.14099301094817,43.23865352452522,1.0
pso,0.46712707942573733,31.52173913043478,19.91665151698784,41.92079994043033,1.0
pso,0.5563120348195794,31.061872909698998,19.63511998545631,41.31747887439495,1.0
pso,0.6625243830127855,30.602006688963215,19.044282511210763,40.67485085908928,1.0
pso,0.7890150322360485,30.142140468227424,18.3197745179681,40.49552875543523,1.0
pso,0.9396555614503901,29.214402618657935,18.231971362035452,40.05917220444663,1.0
pso,1.1190567202026338,29.173486088379704,17.610125338970384,39.34031938005893,1.0
pso,1.3327095527405048,28.96019496344435,17.585249717079837,39.023135491077994,1.0
pso,1.5871534658620194,28.595317725752505,17.217987316635707,38.18550283681689,1.0
pso,1.8901763846576944,28.11514195583596,16.56082199426471,36.98998551881185,1.0
pso,2.251053122438406,27.365930599369086,15.619031048215597,36.89786905710325,1.0
pso,2.6808292607874016,27.365930599369086,15.277694913297022,36.302252415243515,1.0
pso,3.192659228632032,26.735015772870664,14.692185184472372,36.03214605449354,1.0
pso,3.802208928134209,26.498422712933756,14.055146564474922,35.54874307403422,1.0
pso,4.528135230823811,26.498422712933756,13.755294473578056,34.922060197630906,1.0
pso,5.3926570202151884,25.985804416403788,13.226810501488613,34.322022678456186,1.0
pso,6.422235259167707,25.433753943217667,13.086044735722847,33.98706530939406,1.0
pso,7.648382897240333,25.16366612111293,13.000207825851602,33.65277388304498,1.0
pso,9.108629407384788,24.754500818330605,12.900983064609676,33.41324781587007,1.0
pso,10.847669474159156,24.754500818330605,12.379267679696863,32.95752075447649,1.0
pso,12.91873099208564,23.895253682487727,12.045582729484817,32.69076884687779,1.0
pso,15.385204245339567,23.85646687697161,11.649847272164868,32.55374083226147,1.0
pso,18.322582134098628,23.240589198036005,11.196033356100843,32.508064827389354,1.0
pso,21.82077083328191,23.240589198036005,11.196033356100843,31.241372310190823,1.0
pso,25.98684160746592,22.382869692532942,11.004658844158095,30.550649614291515,1.0
pso,30.948308008510093,22.071742313323572,10.80122870033729,30.133982947624848,1.0
pso,36.85702876314293,21.650805270863835,10.422866371262373,29.96650426309379,1.0
pso,43.89385580864722,21.559297218155198,10.376142175429585,29.844701583434837,1.0
pso,52.27416974200008,21.214511041009466,10.150916950204362,29.844701583434837,1.0
pso,62.25447210944526,21.13564668769716,9.665901258258398,29.41740412979351,1.0
pso,74.14023631085618,20.977917981072554,9.46651038877025,28.820570999464643,1.0
pso,88.29525741646478,19.9442119944212,9.300836109932458,28.451839436042814,1.0
pso,105.1527870716838,19.525801952580196,9.157846213763964,28.41496627970063,1.0
pso,125.2287943030676,19.108019639934533,8.89990452615329,28.201811590297467,1.0
pso,149.137758107251,19.0671031096563,8.606389624259766,28.201811590297467,1.0
pso,177.61147519657962,18.479776847977686,8.526856220230073,27.88279815607271,1.0
pso,211.52145856195136,18.29652996845426,8.408091374624373,27.49646089559103,1.0
pso,251.90561241978202,18.29652996845426,8.408091374624373,27.35943288097471,1.0
pso,300.0000000000001,18.25709779179811,8.408091374624373,27.35943288097471,1.0
rime,0.01,44.01069518716578,31.41891891891892,58.00180831826401,0.9701492537313433
rime,0.01190922255039211,43.33333333333333,30.79954954954955,56.6003616636528,0.9701492537313433
rime,0.014182958175476787,42.586750788643535,29.568385650224215,55.379746835443036,0.9701492537313433
rime,0.016890800533465627,41.83912199445048,29.63152152948551,54.539991101926006,0.9850746268656716
rime,0.020115630260732383,40.712462594613626,28.995628864723262,52.86846278595827,0.9850746268656716
rime,0.0239561517516464,40.13148542999289,28.746458923512748,52.40918370949884,0.9850746268656716
rime,0.028529914266132276,39.70352988615359,28.409616224824887,52.426617461242216,0.9850746268656716
rime,0.03397690983389759,39.53918643990308,27.888109029921218,52.23965387224749,0.9850746268656716
rime,0.04046385807864926,38.85289512183971,26.939071458849252,51.71561673236637,0.9850746268656716
rime,0.04818930911061157,38.329669804558705,26.683845347254753,51.139215285711764,0.9850746268656716
rime,0.05738972067479109,37.77416734362308,26.560289918122393,50.08494619181288,1.0
rime,0.06834669556209264,37.36799350121852,26.408579770040042,49.814723039790564,1.0
rime,0.0813956008032858,36.7816091954023,25.538646453829507,49.11959553695955,1.0
rime,0.09693583245892048,36.478599221789885,25.258377395533543,48.677856424069546,1.0
rime,0.11544304018608072,35.45454545454545,24.81309818619905,47.90355194564452,1.0
rime,0.13748368574698944,34.97326203208556,24.232872622873764,46.95490994978575,1.0
rime,0.16373238106090687,34.54545454545455,23.497845287798125,46.34675732217573,1.0
rime,0.19499253647599463,33.98550724637681,22.972260266407474,44.931132821054845,1.0
rime,0.232220951255807,33.590576766856216,22.54279050417136,43.84759102601249,1.0
rime,0.2765570989369163,33.208556149732615,21.908353412310646,43.36933633681427,1.0
rime,0.3293580039130544,32.5,21.051105613112725,42.91828771642436,1.0
rime,0.39223977673534804,31.884646628757107,20.401378426737942,42.19430450004269,1.0
rime,0.46712707942573733,31.600324939073925,19.418196181255883,42.11994421199442,1.0
rime,0.5563120348195794,31.275385865150284,18.84683169716802,41.43068771736581,1.0
rime,0.6625243830127855,30.56020066889632,18.524034829573004,40.64149411287049,1.0
rime,0.7890150322360485,29.68227424749164,18.067241991678788,39.56808360525619,1.0
rime,0.9396555614503901,28.929765886287626,16.948529411764707,38.872106273294534,1.0
rime,1.1190567202026338,28.929765886287626,15.94741520288522,38.30993303591809,1.0
rime,1.3327095527405048,28.637123745819395,15.254902390234642,37.29362709696427,1.0
rime,1.5871534658620194,28.188464662875713,14.450629462608042,36.95891665265171,1.0
rime,1.8901763846576944,27.563091482649845,13.78121942850468,36.391336813912446,1.0
rime,2.251053122438406,27.20820189274448,13.351989955005738,36.25186679996544,1.0
rime,2.6808292607874016,26.06382978723404,13.057445806851982,34.532866677148874,1.0
rime,3.192659228632032,25.081833060556466,12.632072393058142,34.16077289497912,1.0
rime,3.802208928134209,24.590834697217677,12.028377005171865,33.92779091350494,1.0
rime,4.528135230823811,24.386252045826513,11.423492970405084,33.59753207991774,1.0
rime,5.3926570202151884,23.243045387994144,10.730980741736001,32.882983924380135,1.0
rime,6.422235259167707,22.5,9.96293257885036,32.36359513045059,1.0
rime,7.648382897240333,21.666666666666668,9.48866846800044,31.87286956470145,1.0
rime,9.108629407384788,20.55449330783939,9.167570122797027,31.090140095744125,1.0
rime,10.847669474159156,20.076481835564053,8.987877426119706,30.909124171682798,1.0
rime,12.91873099208564,19.694072657743785,8.732428877581077,30.497003344153455,1.0
rime,15.385204245339567,18.977055449330784,8.169016677331221,30.057018490538887,1.0
rime,18.322582134098628,18.40344168260038,7.640488021653941,29.82835995395352,1.0
rime,21.82077083328191,18.260038240917783,7.227341320149677,29.130770037093185,1.0
rime,25.98684160746592,17.26618705035971,7.1792500567081365,28.741726023454923,1.0
rime,30.948308008510093,16.18705035971223,7.095169339219346,28.519250485646445,1.0
rime,36.85702876314293,15.827338129496402,6.756901353596371,28.111172566371682,1.0
rime,43.89385580864722,14.74820143884892,6.360176427425273,27.923096985394633,1.0
rime,52.27416974200008,14.388489208633093,5.988070183926397,27.142320220496117,1.0
rime,62.25447210944526,14.028776978417266,5.694697351755679,26.99050187617261,1.0
rime,74.14023631085618,13.333333333333334,5.189062472038797,26.008638211382113,1.0
rime,88.29525741646478,13.333333333333334,5.03441802252816,25.49326110560355,1.0
rime,105.1527870716838,13.333333333333334,4.9338624338624335,24.941078931218428,1.0
rime,125.2287943030676,12.5,4.846696288436457,24.769154510692537,1.0
rime,149.137758107251,11.666666666666666,4.391981007649696,24.44315606854553,1.0
rime,177.61147519657962,11.666666666666666,4.333586499116947,24.325490959731862,1.0
rime,211.52145856195136,11.666666666666666,4.306436530265749,23.945410234622102,1.0
rime,251.90561241978202,10.702341137123746,4.089542982539834,23.60147287919558,1.0
rime,300.0000000000001,10.702341137123746,4.085331532140042,23.44969342251951,1.0
sa,0.01,20.0836820083682,8.17809542630042,26.669680530440026,1.0
sa,0.01190922255039211,20.0836820083682,8.17809542630042,26.669680530440026,1.0
sa,0.014182958175476787,20.0836820083682,8.17809542630042,26.669680530440026,1.0
sa,0.016890800533465627,20.0836820083682,8.17809542630042,26.48150848742927,1.0
sa,0.020115630260732383,19.868637110016422,8.17809542630042,25.988948308504742,1.0
sa,0.0239561517516464,19.321766561514195,8.17809542630042,25.4354590456572,1.0
sa,0.028529914266132276,19.321766561514195,8.17809542630042,25.06156571808216,1.0
sa,0.03397690983389759,19.321766561514195,8.17809542630042,24.43857871338912,1.0
sa,0.04046385807864926,19.321766561514195,8.17809542630042,23.923188872252,1.0
sa,0.04818930911061157,19.230769230769234,8.17809542630042,23.923188872252,1.0
sa,0.05738972067479109,19.230769230769234,8.17809542630042,23.923188872252,1.0
sa,0.06834669556209264,19.006309148264982,8.17809542630042,23.908664284928648,1.0
sa,0.0813956008032858,18.138801261829656,8.17809542630042,23.908664284928648,1.0
sa,0.09693583245892048,18.134715025906736,7.692349812265332,23.756592009705294,1.0
sa,0.11544304018608072,18.134715025906736,7.692349812265332,23.533598947267237,1.0
sa,0.13748368574698944,17.960199004975124,7.692349812265332,23.455964325529543,1.0
sa,0.16373238106090687,17.642956764295675,7.692349812265332,23.455964325529543,1.0
sa,0.19499253647599463,17.642956764295675,7.683125662778367,23.455964325529543,1.0
sa,0.232220951255807,17.433155080213904,7.5625,23.18407960199005,1.0
sa,0.2765570989369163,16.844919786096256,7.5625,22.930561627011386,1.0
sa,0.3293580039130544,14.994363021420519,7.5625,22.71378669592135,1.0
sa,0.39223977673534804,14.388489208633093,7.416936790923826,22.148893629517033,1.0
sa,0.46712707942573733,14.388489208633093,7.092787682333874,22.11477388211382,1.0
sa,0.5563120348195794,14.06417112299465,6.749392482291505,22.11477388211382,1.0
sa,0.6625243830127855,13.28358208955224,5.971177944862156,21.730522770624702,1.0
sa,0.7890150322360485,11.990049751243781,5.119047619047619,20.71879098116357,1.0
sa,0.9396555614503901,11.694729136163982,4.748622359056734,20.178807400066074,1.0
sa,1.1190567202026338,10.0,4.285893035893036,19.47985197368421,1.0
sa,1.3327095527405048,9.773371104815864,4.285893035893036,19.349643640350877,1.0
sa,1.5871534658620194,9.773371104815864,4.153617903617904,19.26450742240216,1.0
sa,1.8901763846576944,8.720930232558139,4.153617903617904,19.26450742240216,1.0
sa,2.251053122438406,8.720930232558139,4.125464750464751,19.26450742240216,1.0
sa,2.6808292607874016,8.656716417910449,3.9565458315458315,19.26450742240216,1.0
sa,3.192659228632032,8.656716417910449,3.9565458315458315,18.76172607879925,1.0
sa,3.802208928134209,7.982456140350877,3.6818098887064403,18.402800550928053,1.0
sa,4.528135230823811,7.782101167315175,3.621170056531273,17.22739367931865,1.0
sa,5.3926570202151884,7.782101167315175,3.3591259015498984,16.56275277477576,1.0
sa,6.422235259167707,7.625,3.290531891099616,14.931901199747646,1.0
sa,7.648382897240333,7.625,3.290531891099616,13.88771669513963,1.0
sa,9.108629407384788,7.625,3.290531891099616,13.803686664402385,1.0
sa,10.847669474159156,7.625,3.290531891099616,13.018737412409676,1.0
sa,12.91873099208564,7.164634146341463,3.290531891099616,12.983763940736832,1.0
sa,15.385204245339567,7.164634146341463,3.290531891099616,12.689364453971713,1.0
sa,18.322582134098628,7.164634146341463,3.290531891099616,12.689364453971713,1.0
sa,21.82077083328191,7.164634146341463,3.290531891099616,12.16240714140271,1.0
sa,25.98684160746592,7.164634146341463,3.290531891099616,12.16240714140271,1.0
sa,30.948308008510093,7.164634146341463,3.290531891099616,12.16240714140271,1.0
sa,36.85702876314293,7.164634146341463,3.290531891099616,11.429597461239254,1.0
sa,43.89385580864722,7.164634146341463,3.290531891099616,11.429597461239254,1.0
sa,52.27416974200008,7.029478458049887,3.290531891099616,11.429597461239254,1.0
sa,62.25447210944526,7.029478458049887,3.290531891099616,11.429597461239254,1.0
sa,74.14023631085618,7.029478458049887,3.290531891099616,11.429597461239254,1.0
sa,88.29525741646478,7.029478458049887,3.290531891099616,11.429597461239254,1.0
sa,105.1527870716838,7.029478458049887,3.290531891099616,10.812358416169815,1.0
sa,125.2287943030676,7.029478458049887,3.290531891099616,10.812358416169815,1.0
sa,149.137758107251,7.029478458049887,3.290531891099616,10.721757322175732,1.0
sa,177.61147519657962,7.029478458049887,3.290531891099616,10.318621098233791,1.0
sa,211.52145856195136,6.55829596412556,3.290531891099616,10.318621098233791,1.0
sa,251.90561241978202,6.55829596412556,3.290531891099616,10.318621098233791,1.0
sa,300.0000000000001,6.55829596412556,3.290531891099616,10.318621098233791,1.0
tabu,0.01,13.30049261083744,5.657894736842105,20.962686788865454,1.0
tabu,0.01190922255039211,12.771996215704826,5.5625,20.856016606755592,1.0
tabu,0.014182958175476787,12.727272727272727,4.454397394136808,20.038995449283462,1.0
tabu,0.016890800533465627,12.085561497326204,4.454397394136808,18.10089872799839,1.0
tabu,0.020115630260732383,11.676427525622254,4.454397394136808,18.10089872799839,1.0
tabu,0.0239561517516464,11.676427525622254,4.454397394136808,18.059384148556532,1.0
tabu,0.028529914266132276,11.438506588579795,3.8842219555403164,17.511272090091243,1.0
tabu,0.03397690983389759,11.438506588579795,3.8842219555403164,17.359018740517556,1.0
tabu,0.04046385807864926,10.994263862332696,3.8842219555403164,16.984058364309924,1.0
tabu,0.04818930911061157,10.472972972972974,3.8842219555403164,16.525187604760216,1.0
tabu,0.05738972067479109,10.033444816053512,3.8842219555403164,16.04078517575488,1.0
tabu,0.06834669556209264,9.663865546218489,3.8842219555403164,15.475720894016156,1.0
tabu,0.0813956008032858,9.501187648456057,3.8842219555403164,14.994896676183009,1.0
tabu,0.09693583245892048,9.154228855721392,3.8842219555403164,14.577196785285798,1.0
tabu,0.11544304018608072,9.054726368159203,3.8842219555403164,13.752609079138871,1.0
tabu,0.13748368574698944,9.054726368159203,3.721355506028916,13.452759004176354,1.0
tabu,0.16373238106090687,9.054726368159203,3.4276062940558054,12.607081473631293,1.0
tabu,0.19499253647599463,8.551068883610451,2.8786644951140063,12.229366648324401,1.0
tabu,0.232220951255807,7.648183556405354,2.390684410646388,12.210251620309304,1.0
tabu,0.2765570989369163,7.392996108949417,2.2807495572261924,11.844584236985678,1.0
tabu,0.3293580039130544,7.392996108949417,2.2094567815607933,11.524626452684007,1.0
tabu,0.39223977673534804,7.094594594594595,1.9833205341924367,11.391419674777996,1.0
tabu,0.46712707942573733,6.981981981981981,1.9833205341924367,11.062113219643726,1.0
tabu,0.5563120348195794,6.8159203980099505,1.9833205341924367,11.061519449480281,1.0
tabu,0.6625243830127855,6.166347992351817,1.9833205341924367,10.773869422775732,1.0
tabu,0.7890150322360485,5.92734225621415,1.9833205341924367,10.773869422775732,1.0
tabu,0.9396555614503901,5.75,1.686482542700775,10.739001919288981,1.0
tabu,1.1190567202026338,5.75,1.686482542700775,10.370510101864259,1.0
tabu,1.3327095527405048,5.497131931166348,1.3569478802354347,10.174627554533279,1.0
tabu,1.5871534658620194,5.161290322580645,1.3569478802354347,10.174627554533279,1.0
tabu,1.8901763846576944,5.161290322580645,1.0189266269121078,9.90337981493111,1.0
tabu,2.251053122438406,5.161290322580645,0.9368248206723706,9.71827549585235,1.0
tabu,2.6808292607874016,5.0,0.7766286805875766,9.505690461838743,1.0
tabu,3.192659228632032,4.89247311827957,0.7766286805875766,9.490906370744273,1.0
tabu,3.802208928134209,4.889589905362776,0.7327690314647695,9.055328958590449,1.0
tabu,4.528135230823811,4.889589905362776,0.6889093823419625,8.575510884725002,1.0
tabu,5.3926570202151884,4.889589905362776,0.6889093823419625,8.05563839414257,1.0
tabu,6.422235259167707,4.889589905362776,0.5677732085742098,7.66318948261507,1.0
tabu,7.648382897240333,4.651162790697675,0.5677732085742098,7.3849281778590505,1.0
tabu,9.108629407384788,4.346060113728676,0.4624019685264057,7.3849281778590505,1.0
tabu,10.847669474159156,4.183590576766856,0.39982374574793256,7.354299889571989,1.0
tabu,12.91873099208564,4.0211210398050365,0.39982374574793256,7.306996199884193,1.0
tabu,15.385204245339567,3.2971014492753623,0.39982374574793256,7.188736975664703,1.0
tabu,18.322582134098628,2.894736842105263,0.37546933667083854,7.144182120787361,1.0
tabu,21.82077083328191,2.807017543859649,0.37546933667083854,7.144182120787361,1.0
tabu,25.98684160746592,2.807017543859649,0.26709974770049866,6.900876484834505,1.0
tabu,30.948308008510093,2.807017543859649,0.24064472124547218,6.793123972563913,1.0
tabu,36.85702876314293,2.806834030683403,0.1780664984669991,6.573369856751701,1.0
tabu,43.89385580864722,2.3684210526315788,0.1780664984669991,6.216817125646033,1.0
tabu,52.27416974200008,2.2144948755490486,0.052910052910052914,6.21059638664315,1.0
tabu,62.25447210944526,1.98744769874477,0.0,6.073375601594645,1.0
tabu,74.14023631085618,1.864244741873805,0.0,6.03589434222433,1.0
tabu,88.29525741646478,1.8164435946462716,0.0,5.886600802671014,1.0
tabu,105.1527870716838,1.8060836501901139,0.0,5.774157024560068,1.0
tabu,125.2287943030676,1.8060836501901139,0.0,5.674417498881876,1.0
tabu,149.137758107251,1.8060836501901139,0.0,5.590473993772344,1.0
tabu,177.61147519657962,1.8060836501901139,0.0,5.55299273440203,1.0
tabu,211.52145856195136,1.8060836501901139,0.0,5.440548956291085,1.0
tabu,251.90561241978202,1.758555133079848,0.0,5.365586437550455,1.0
tabu,300.0000000000001,1.6634980988593155,0.0,5.336999036335809,1.0
